,frequency_MHz,combined_power_W_per_MHz,galactic_power_W_per_MHz,ground_power_W_per_MHz,system_power_W_per_MHz
0,100.0,1.1591383922772749e-10,0.0,9.044055420415401e-17,1.1591374878717331e-10
1,101.0,1.1691038781683425e-10,0.0,1.0016875446702739e-16,1.1691028764807975e-10
2,102.0,1.1795246355760496e-10,0.0,1.1094336450909077e-16,1.1795235261424044e-10
3,103.0,1.190423340883152e-10,0.0,1.2287694095915467e-16,1.190422112113743e-10
4,104.0,1.2018238017418415e-10,0.0,1.3609414755257763e-16,1.201822440800366e-10
5,105.0,1.213751013511476e-10,0.0,1.5073305742710087e-16,1.213749506180902e-10
6,106.0,1.2262312185120067e-10,0.0,1.6694659549958966e-16,1.2262295490460518e-10
7,107.0,1.2558886385169323e-10,0.0,2.0957943233534185e-16,1.2558865427226088e-10
8,108.0,1.2937366510889665e-10,0.0,2.7142833133957443e-16,1.2937339368056536e-10
9,109.0,1.3365900328149515e-10,0.0,3.5152943317406776e-16,1.3365865175206202e-10
10,110.0,1.3851259286888206e-10,0.0,4.552691378155505e-16,1.3851213759974426e-10
11,111.0,1.4387853401081166e-10,0.0,5.888817039802946e-16,1.4387794512910766e-10
12,112.0,1.499614287547496e-10,0.0,7.617069387717522e-16,1.4996066704781078e-10
13,113.0,1.568572596692277e-10,0.0,9.852529916474443e-16,1.568562744162361e-10
14,114.0,1.6467485906145888e-10,0.0,1.2744054283075452e-15,1.6467358465603055e-10
15,115.0,1.7353762924544703e-10,0.0,1.6484184361460821e-15,1.7353598082701082e-10
16,116.0,1.8358549311221577e-10,0.0,2.1321969290690727e-15,1.8358336091528665e-10
17,117.0,1.9497710583396474e-10,0.0,2.757954924940376e-15,1.9497434787903978e-10
18,118.0,2.0789236266166611e-10,0.0,3.567360624294575e-15,2.0788879530104179e-10
19,119.0,2.2253524245578902e-10,0.0,4.6143110275968524e-15,2.2253062814476142e-10
20,120.0,2.39137031896657e-10,0.0,5.968520848270624e-15,2.391310633758087e-10
21,121.0,2.579599813381472e-10,0.0,7.720164701336537e-15,2.5795226117344587e-10
22,122.0,2.7930601439381963e-10,0.0,9.98588168340436e-15,2.7929602851213617e-10
23,123.0,3.0356986256985626e-10,0.0,1.2916542179169728e-14,3.0355694602767717e-10
24,124.0,3.3108950621998605e-10,0.0,1.6707294073345416e-14,3.310727989259127e-10
25,125.0,3.623020084143818e-10,0.0,2.1610557328833604e-14,3.6228039785705295e-10
26,126.0,3.977031042871341e-10,0.0,2.7952832218825498e-14,3.9767515145491523e-10
27,127.0,4.378550772723337e-10,0.0,3.6156440445489384e-14,4.378189208318882e-10
28,128.0,4.8339569265951e-10,0.0,4.6767646850747466e-14,4.833489250126592e-10
29,129.0,5.350483304048298e-10,0.0,6.049303429782402e-14,5.34987837370532e-10
30,130.0,5.936334781882513e-10,0.0,7.824655386738244e-14,5.935552316343837e-10
31,131.0,6.600817673184009e-10,0.0,1.0121038336378155e-13,6.599805569350374e-10
32,132.0,7.354487585997818e-10,0.0,1.3091364659976078e-13,7.353178449531822e-10
33,133.0,8.20931713080295e-10,0.0,1.6933423524784379e-13,8.20762378845047e-10
34,134.0,9.178886141329297e-10,0.0,2.190305134088638e-13,9.176695836195209e-10
35,135.0,1.0278597430946472e-09,0.0,2.833116748892121e-13,1.0275764314197578e-09
36,136.0,1.1525921512565435e-09,0.0,3.664580969990192e-13,1.1522256931595445e-09
37,137.0,1.2940674170165443e-09,0.0,4.740063638699554e-13,1.2935934106526742e-09
38,138.0,1.4535021698733849e-09,0.0,6.121858043562619e-13,1.4528899840690287e-09
39,139.0,1.6129943302242186e-09,0.0,7.689567603000558e-13,1.6122253734639185e-09
40,140.0,1.7912614686231122e-09,0.0,9.658742411267235e-13,1.7902955943819855e-09
41,141.0,1.990513871350484e-09,0.0,1.2132191273122982e-12,1.989300652223171e-09
42,142.0,2.213222030968677e-09,0.0,1.5239050677647147e-12,2.2116981259009113e-09
43,143.0,2.462147279154668e-09,0.0,1.9141526895505228e-12,2.460233126465117e-09
44,144.0,2.7403760257898024e-09,0.0,2.4043364619082837e-12,2.737971689327894e-09
45,145.0,3.0513580288540155e-09,0.0,3.0200484285394527e-12,3.0483379804254764e-09
46,146.0,3.398949169652164e-09,0.0,3.793434344661025e-12,3.3951557353075025e-09
47,147.0,3.787459263763736e-09,0.0,4.7648719773057e-12,3.782694391786431e-09
48,148.0,4.2217055005480586e-09,0.0,5.985079191384281e-12,4.215720421356675e-09
49,149.0,4.707072173827915e-09,0.0,7.51776188274344e-12,4.699554411945171e-09
50,150.0,5.24957744438255e-09,0.0,9.4429400043675e-12,5.240134504378183e-09
51,151.0,5.855947962071698e-09,0.0,1.1861125334491682e-11,5.844086836737206e-09
52,152.0,6.533702272867873e-09,0.0,1.489856910405561e-11,6.518803703763819e-09
53,153.0,7.291244045002904e-09,0.0,1.8713853457297884e-11,7.2725301915456045e-09
54,154.0,8.137966270186544e-09,0.0,2.350617087958386e-11,8.114460099306958e-09
55,155.0,9.084367731941141e-09,0.0,2.9525723853775355e-11,9.054842008087365e-09
56,156.0,1.0142183185201884e-08,0.0,3.708678770163133e-11,1.0105096397500255e-08
57,157.0,1.1324528861345846e-08,0.0,4.6584118609170404e-11,1.1277944742736674e-08
58,158.0,1.2661282534153984e-08,0.0,5.865558354752655e-11,1.2602626950606456e-08
59,159.0,1.430830836186978e-08,0.0,7.54512215280406e-11,1.4232857140341737e-08
60,160.0,1.61712713768267e-08,0.0,9.705617923757727e-11,1.6074215197589124e-08
61,161.0,1.8278482720581187e-08,0.0,1.2484757353724138e-10,1.8153635147043945e-08
62,162.0,2.0661965359192476e-08,0.0,1.60596849583196e-10,2.0501368509609274e-08
63,163.0,2.3357940734196777e-08,0.0,2.065826941230403e-10,2.3151358040073742e-08
64,164.0,2.639309454192055e-08,0.0,2.6559188979276944e-10,2.6127502652127785e-08
65,165.0,2.981895431336777e-08,0.0,3.413950928699826e-10,2.947755922049778e-08
66,166.0,3.369116846348543e-08,0.0,4.388334656101259e-10,3.3252334997875314e-08
67,167.0,3.806789259224244e-08,0.0,5.640819524395846e-10,3.7503810639802864e-08
68,168.0,4.301485940730398e-08,0.0,7.250779031304422e-10,4.2289781504173535e-08
69,169.0,4.8606365947696936e-08,0.0,9.320240850363769e-10,4.767434186266056e-08
70,170.0,5.492638943320264e-08,0.0,1.1980352612285116e-09,5.372835417197413e-08
71,171.0,6.206984849816953e-08,0.0,1.5399693100107342e-09,6.052987918815881e-08
72,172.0,7.014402875195178e-08,0.0,1.979495556201844e-09,6.816453319574995e-08
73,173.0,7.890592118647312e-08,0.0,2.5211072358856813e-09,7.638481395058743e-08
74,174.0,8.761362270934855e-08,0.0,3.1281424334503653e-09,8.44854802758982e-08
75,175.0,9.728347442150012e-08,0.0,3.881340287580073e-09,9.340213413392004e-08
76,176.0,1.0802178849073963e-07,0.0,4.815894016493242e-09,1.0320589447424642e-07
77,177.0,1.199466239861479e-07,0.0,5.975470703331587e-09,1.1397115328281633e-07
78,178.0,1.331890848458363e-07,0.0,7.4142516434309495e-09,1.2577483320240535e-07
79,179.0,1.478947612630546e-07,0.0,9.199463968833367e-09,1.3869529729422127e-07
80,180.0,1.6422533033761509e-07,0.0,1.1414521840359434e-08,1.5281080849725566e-07
81,181.0,1.823603335905775e-07,0.0,1.4162923979642008e-08,1.6819740961093547e-07
82,182.0,2.0249915088463862e-07,0.0,1.7573089653556702e-08,1.8492606123108187e-07
83,183.0,2.2124945362123546e-07,0.0,2.110885748740655e-08,2.0014059613382886e-07
84,184.0,2.4011184839944965e-07,0.0,2.5016158822596478e-08,2.150956895768532e-07
85,185.0,2.605830588124573e-07,0.0,2.964671122587887e-08,2.309363475865784e-07
86,186.0,2.82800304525757e-07,0.0,3.513439024526566e-08,2.4766591428049136e-07
87,187.0,3.0691250900298614e-07,0.0,4.163785212131997e-08,2.652746568816661e-07
88,188.0,3.3308129775214944e-07,0.0,4.934512075417399e-08,2.837361769979753e-07
89,189.0,3.614820817148477e-07,0.0,5.847902372940227e-08,3.030030579854454e-07
90,190.0,3.923052330605753e-07,0.0,6.93036345656268e-08,3.2300159849494834e-07
91,191.0,4.220129816945859e-07,0.0,8.069328578395055e-08,3.413196959106353e-07
92,192.0,4.4905797138394195e-07,0.0,9.192337878665904e-08,3.57134592597283e-07
93,193.0,4.778655851433414e-07,0.0,1.0471636500438888e-07,3.7314922013895264e-07
94,194.0,5.085216540053968e-07,0.0,1.1928975244895857e-07,3.8923190155643803e-07
95,195.0,5.411447853351957e-07,0.0,1.3589131974488795e-07,4.052534655903079e-07
96,196.0,5.758611970367076e-07,0.0,1.5480332889372681e-07,4.2105786814298057e-07
97,197.0,6.128052058904044e-07,0.0,1.7634732432923363e-07,4.364578815611706e-07
98,198.0,6.521197472256259e-07,0.0,2.008895998575653e-07,4.5123014736806065e-07
99,199.0,7.368910263555127e-07,0.0,2.5804460933115874e-07,4.788464170243541e-07
100,200.0,9.179824537695262e-07,0.0,4.0285652766968124e-07,5.15125926099845e-07
101,201.0,9.527871052906516e-07,0.0,4.3608091320421276e-07,5.167061920864386e-07
102,202.0,9.889115005080228e-07,0.0,4.720453804262204e-07,5.168661200818026e-07
103,203.0,1.026405682586417e-06,0.0,5.109759093661303e-07,5.154297732202867e-07
104,204.0,1.0653215922824382e-06,0.0,5.531171170805528e-07,5.122044752018857e-07
105,205.0,1.1057131398999983e-06,0.0,5.987337946851985e-07,5.069793452148e-07
106,206.0,1.1476362799742942e-06,0.0,6.481125711499695e-07,4.995237088243248e-07
107,207.0,1.1793373718169008e-06,0.0,6.877178045106799e-07,4.916195673062211e-07
108,208.0,1.2012691919616962e-06,0.0,7.169788913110382e-07,4.842903006506579e-07
109,209.0,1.2236089162146756e-06,0.0,7.474849817962252e-07,4.7612393441845046e-07
110,210.0,1.2463641312822996e-06,0.0,7.792890485091205e-07,4.6707508277317943e-07
111,211.0,1.2695425649821217e-06,0.0,8.124463178737237e-07,4.5709624710839785e-07
112,212.0,1.2931520888675017e-06,0.0,8.470143660935155e-07,4.461377227739863e-07
113,213.0,1.312456549439265e-06,0.0,8.767031965715027e-07,4.357533528677625e-07
114,214.0,1.3309484470609727e-06,0.0,9.059333965556277e-07,4.25015050505345e-07
115,215.0,1.3497009173781915e-06,0.0,9.361381619279708e-07,4.135627554502205e-07
116,216.0,1.3687176323459572e-06,0.0,9.673499857161575e-07,4.013676466298e-07
117,217.0,1.3785127646804304e-06,0.0,9.859799477311586e-07,3.9253281694927224e-07
118,218.0,1.3749808196087466e-06,0.0,9.856659504515337e-07,3.893148691572133e-07
119,219.0,1.371457935900326e-06,0.0,9.85352053168157e-07,3.861058827321695e-07
120,220.0,1.3679440902989653e-06,0.0,9.85038255849175e-07,3.829058344497902e-07
121,221.0,1.364439259608144e-06,0.0,9.847245584627538e-07,3.797147011453908e-07
122,222.0,1.3609434206908785e-06,0.0,9.844109609770798e-07,3.7653245971379866e-07
123,223.0,1.357456550469516e-06,0.0,9.84097463360327e-07,3.7335908710918914e-07
124,224.0,1.3539786259256399e-06,0.0,9.837840655806948e-07,3.7019456034494536e-07
125,225.0,1.3505096240998906e-06,0.0,9.834707676063883e-07,3.670388564935022e-07
126,226.0,1.3470495220918178e-06,0.0,9.831575694056243e-07,3.6389195268619383e-07
127,227.0,1.3435982970597298e-06,0.0,9.828444709466278e-07,3.607538261131027e-07
128,228.0,1.3401559262205448e-06,0.0,9.82531472197635e-07,3.576244540229095e-07
129,229.0,1.336722386849636e-06,0.0,9.822185731268923e-07,3.545038137227433e-07
130,230.0,1.3332976562806847e-06,0.0,9.819057737026557e-07,3.5139188257802896e-07
131,231.0,1.3298817119055388e-06,0.0,9.815930738931958e-07,3.482886380123427e-07
132,232.0,1.3264745311740341e-06,0.0,9.812804736667814e-07,3.45194057507253e-07
133,233.0,1.3230760915938913e-06,0.0,9.809679729917063e-07,3.421081186021853e-07
134,234.0,1.3196863707305133e-06,0.0,9.806555718362552e-07,3.390307988942584e-07
135,235.0,1.3163053462069004e-06,0.0,9.803432701687474e-07,3.359620760381529e-07
136,236.0,1.3129329957034497e-06,0.0,9.800310679574997e-07,3.329019277459501e-07
137,237.0,1.3095692969578184e-06,0.0,9.797189651708307e-07,3.29850331786988e-07
138,238.0,1.3062142277647947e-06,0.0,9.794069617770776e-07,3.268072659877167e-07
139,239.0,1.302867765976151e-06,0.0,9.790950577445958e-07,3.2377270823155517e-07
140,240.0,1.299529889500477e-06,0.0,9.787832530417418e-07,3.2074663645873545e-07
141,241.0,1.2951205032099914e-06,0.0,9.768414575087437e-07,3.182790457012476e-07
142,242.0,1.2896197202260948e-06,0.0,9.732327872655242e-07,3.1638693296057023e-07
143,243.0,1.2841955360442188e-06,0.0,9.696776731329537e-07,3.1451786291126463e-07
144,244.0,1.2788798944071347e-06,0.0,9.662003645296362e-07,3.12679529877498e-07
145,245.0,1.273586267946349e-06,0.0,9.62735525714437e-07,3.108507422319117e-07
146,246.0,1.2683145654583153e-06,0.0,9.592831119701118e-07,3.090314534882038e-07
147,247.0,1.2630646961173933e-06,0.0,9.558430787397982e-07,3.072216173775949e-07
148,248.0,1.2578365694742322e-06,0.0,9.524153816264014e-07,3.0542118784783097e-07
149,249.0,1.252630095454232e-06,0.0,9.489999763920369e-07,3.0363011906219523e-07
150,250.0,1.2474451843560115e-06,0.0,9.455968189574739e-07,3.0184836539853765e-07
151,251.0,1.2422817468497998e-06,0.0,9.422058654015219e-07,3.0007588144827817e-07
152,252.0,1.237139693975995e-06,0.0,9.388270719605353e-07,2.983126220154595e-07
153,253.0,1.2320189371435155e-06,0.0,9.354603950277649e-07,2.965585421157508e-07
154,254.0,1.2269193881283794e-06,0.0,9.321057911528722e-07,2.9481359697550704e-07
155,255.0,1.2218409590720915e-06,0.0,9.287632170413025e-07,2.930777420307891e-07
156,256.0,1.2167835624802063e-06,0.0,9.254326295537807e-07,2.9135093292642563e-07
157,257.0,1.2117471112207767e-06,0.0,9.22113985705727e-07,2.896331255150502e-07
158,258.0,1.2067315185228548e-06,0.0,9.188072426666988e-07,2.8792427585615634e-07
159,259.0,1.201736697975e-06,0.0,9.15512357759845e-07,2.86224340215155e-07
160,260.0,1.1967625635238072e-06,0.0,9.122292884613681e-07,2.845332750624391e-07
161,261.0,1.1914431928862045e-06,0.0,9.086789748164645e-07,2.827642180697397e-07
162,262.0,1.1861474776609685e-06,0.0,9.051424786702245e-07,2.8100499899074385e-07
163,263.0,1.1808753126230874e-06,0.0,9.016197462461994e-07,2.7925556637688814e-07
164,264.0,1.175626593015672e-06,0.0,8.981107239772315e-07,2.7751586903844027e-07
165,265.0,1.1704012145478736e-06,0.0,8.946153585046446e-07,2.7578585604322887e-07
166,266.0,1.1651990733927986e-06,0.0,8.911335966774187e-07,2.7406547671538017e-07
167,267.0,1.1600200661854804e-06,0.0,8.876653855514099e-07,2.723546806340703e-07
168,268.0,1.1548640900207611e-06,0.0,8.842106723885013e-07,2.7065341763225966e-07
169,269.0,1.1497310424513277e-06,0.0,8.807694046558591e-07,2.6896163779546887e-07
170,270.0,1.1446208214856148e-06,0.0,8.773415300250879e-07,2.6727929146052675e-07
171,271.0,1.1395333255857823e-06,0.0,8.73926996371443e-07,2.6560632921433907e-07
172,272.0,1.1344684536657257e-06,0.0,8.705257517730554e-07,2.6394270189267026e-07
173,273.0,1.129489144446784e-06,0.0,8.671377445101272e-07,2.623513999366566e-07
174,274.0,1.1245375346107702e-06,0.0,8.637629230641494e-07,2.6077461154662077e-07
175,275.0,1.1196076456705612e-06,0.0,8.604012361171225e-07,2.5920640955343825e-07
176,276.0,1.1146993823172032e-06,0.0,8.570526325507604e-07,2.5764674976644257e-07
177,277.0,1.109812649660014e-06,0.0,8.537170614457363e-07,2.5609558821427764e-07
178,278.0,1.1049473532247233e-06,0.0,8.503944720808923e-07,2.5455288114383115e-07
179,279.0,1.1001033989516528e-06,0.0,8.470848139324737e-07,2.5301858501917897e-07
180,280.0,1.095280693193901e-06,0.0,8.437880366733657e-07,2.514926565205354e-07
181,281.0,1.0904791427154982e-06,0.0,8.405040901722979e-07,2.4997505254320023e-07
182,282.0,1.0856986546896737e-06,0.0,8.372329244931421e-07,2.484657301965317e-07
183,283.0,1.080939136696981e-06,0.0,8.339744898940872e-07,2.4696464680289374e-07
184,284.0,1.0762004967235697e-06,0.0,8.307287368269319e-07,2.454717598966374e-07
185,285.0,1.071482643159355e-06,0.0,8.274956159362906e-07,2.439870272230639e-07
186,286.0,1.0667854847963153e-06,0.0,8.242750780588984e-07,2.4251040673741715e-07
187,287.0,1.0621089308266486e-06,0.0,8.210670742227988e-07,2.4104185660384974e-07
188,288.0,1.0574528908410601e-06,0.0,8.178715556466371e-07,2.395813351944232e-07
189,289.0,1.052817274827014e-06,0.0,8.146884737389169e-07,2.3812880108809695e-07
190,290.0,1.0482019931669806e-06,0.0,8.115177800972534e-07,2.366842130697273e-07
191,291.0,1.0436069566367052e-06,0.0,8.083594265076382e-07,2.3524753012906713e-07
192,292.0,1.0390320764034884e-06,0.0,8.052133649437114e-07,2.3381871145977708e-07
193,293.0,1.0344772640244508e-06,0.0,8.020795475660178e-07,2.3239771645843312e-07
194,294.0,1.0299424314448451e-06,0.0,7.989579267212986e-07,2.3098450472354687e-07
195,295.0,1.0254274909963385e-06,0.0,7.958484549417532e-07,2.2957903605458528e-07
196,296.0,1.0209323553953187e-06,0.0,7.927510849443225e-07,2.2818127045099644e-07
197,297.0,1.016456937741217e-06,0.0,7.89665769629974e-07,2.2679116811124288e-07
198,298.0,1.0120011515147898e-06,0.0,7.865924620829623e-07,2.2540868943182765e-07
199,299.0,1.0075649105765007e-06,0.0,7.835311155701525e-07,2.2403379500634796e-07
200,300.0,1.0029858521222829e-06,0.0,7.80229165331639e-07,2.2275668679064365e-07
201,301.0,9.971845062517097e-07,0.0,7.758644958004706e-07,2.2132001045123905e-07
202,302.0,9.914167297757678e-07,0.0,7.715242426086994e-07,2.1989248716706826e-07
203,303.0,9.856823284043676e-07,0.0,7.672082691692218e-07,2.184740592351457e-07
204,304.0,9.79981108972025e-07,0.0,7.629164396589907e-07,2.1706466931303432e-07
205,305.0,9.743128794314055e-07,0.0,7.586486190147839e-07,2.1566426041662137e-07
206,306.0,9.68677448846809e-07,0.0,7.544046729289221e-07,2.142727759178866e-07
207,307.0,9.63074627387754e-07,0.0,7.501844678450556e-07,2.1289015954269855e-07
208,308.0,9.57504226322594e-07,0.0,7.459878709539709e-07,2.1151635536862288e-07
209,309.0,9.519660580121154e-07,0.0,7.418147501893845e-07,2.1015130782273074e-07
210,310.0,9.4645993590326e-07,0.0,7.376649742238174e-07,2.0879496167944266e-07
211,311.0,9.409856745227916e-07,0.0,7.335384124644293e-07,2.0744726205836239e-07
212,312.0,9.355430894711046e-07,0.0,7.294349350489554e-07,2.0610815442214956e-07
213,313.0,9.301319974159485e-07,0.0,7.253544128415705e-07,2.0477758457437803e-07
214,314.0,9.247522160862794e-07,0.0,7.21296717428852e-07,2.0345549865742782e-07
215,315.0,9.194035642661157e-07,0.0,7.172617211157334e-07,2.0214184315038217e-07
216,316.0,9.140858617884237e-07,0.0,7.132492969214857e-07,2.0083656486693769e-07
217,317.0,9.087989295290502e-07,0.0,7.092593185757209e-07,1.9953961095332924e-07
218,318.0,9.035425894006871e-07,0.0,7.052916605144208e-07,1.982509288862663e-07
219,319.0,8.983166643468558e-07,0.0,7.013461978759755e-07,1.9697046647088006e-07
220,320.0,8.931209783359561e-07,0.0,6.974228064972668e-07,1.956981718386895e-07
221,321.0,8.879553563553361e-07,0.0,6.935213629097617e-07,1.9443399344557444e-07
222,322.0,8.828236487057088e-07,0.0,6.896448916163405e-07,1.9317875708936833e-07
223,323.0,8.779397843369186e-07,0.0,6.859607473210109e-07,1.9197903701590765e-07
224,324.0,8.730829497614328e-07,0.0,6.822962840518901e-07,1.9078666570954275e-07
225,325.0,8.682529953493185e-07,0.0,6.786513966711905e-07,1.8960159867812775e-07
226,326.0,8.634497722990599e-07,0.0,6.750259806027791e-07,1.8842379169628073e-07
227,327.0,8.586731326329678e-07,0.0,6.7141993182917e-07,1.872532008037977e-07
228,328.0,8.539229291926329e-07,0.0,6.678331468885558e-07,1.860897823040771e-07
229,329.0,8.491990156343805e-07,0.0,6.64265522871829e-07,1.849334927625518e-07
230,330.0,8.445012464247609e-07,0.0,6.607169574196314e-07,1.8378428900512967e-07
231,331.0,8.398294768360649e-07,0.0,6.571873487194205e-07,1.8264212811664453e-07
232,332.0,8.351835629418499e-07,0.0,6.536765955025343e-07,1.8150696743931522e-07
233,333.0,8.30563361612531e-07,0.0,6.501845970413134e-07,1.803787645712177e-07
234,334.0,8.259687305109472e-07,0.0,6.467112531461867e-07,1.7925747736476054e-07
235,335.0,8.213995280879683e-07,0.0,6.43256464162799e-07,1.7814306392516943e-07
236,336.0,8.168556135781534e-07,0.0,6.398201309691652e-07,1.770354826089882e-07
237,337.0,8.123368469953984e-07,0.0,6.364021549728168e-07,1.7593469202258157e-07
238,338.0,8.078430891286251e-07,0.0,6.330024381079772e-07,1.7484065102064773e-07
239,339.0,8.033742015374815e-07,0.0,6.296208828327402e-07,1.7375331870474118e-07
240,340.0,7.989300465480821e-07,0.0,6.262573921262785e-07,1.7267265442180355e-07
241,341.0,7.945104872487684e-07,0.0,6.229118694860626e-07,1.7159861776270593e-07
242,342.0,7.901153874858806e-07,0.0,6.195842189250857e-07,1.7053116856079522e-07
243,343.0,7.857446118595626e-07,0.0,6.162743449691125e-07,1.6947026689045022e-07
244,344.0,7.813980257195852e-07,0.0,6.129821526539369e-07,1.6841587306564837e-07
245,345.0,7.770754951612134e-07,0.0,6.097075475226697e-07,1.673679476385437e-07
246,346.0,7.727768870210432e-07,0.0,6.064504356230047e-07,1.663264513980387e-07
247,347.0,7.685020688729333e-07,0.0,6.032107235045463e-07,1.6529134536838704e-07
248,348.0,7.642509090239061e-07,0.0,5.999883182161197e-07,1.642625908077866e-07
249,349.0,7.600232765100815e-07,0.0,5.967831273030957e-07,1.6324014920698585e-07
250,350.0,7.558190410926608e-07,0.0,5.935950588047564e-07,1.6222398228790443e-07
251,351.0,7.516380732538874e-07,0.0,5.90424021251636e-07,1.612140520022514e-07
252,352.0,7.474802441930762e-07,0.0,5.872699236629141e-07,1.6021032053016218e-07
253,353.0,7.43361687686445e-07,0.0,5.84132675543793e-07,1.5922901214265194e-07
254,354.0,7.392833591553427e-07,0.0,5.810121868829163e-07,1.5827117227242649e-07
255,355.0,7.352274175376763e-07,0.0,5.779083681497593e-07,1.5731904938791687e-07
256,356.0,7.311937399151322e-07,0.0,5.748211302920957e-07,1.563726096230365e-07
257,357.0,7.271822040443716e-07,0.0,5.717503847334084e-07,1.554318193109633e-07
258,358.0,7.231926883533561e-07,0.0,5.686960433703731e-07,1.54496644982983e-07
259,359.0,7.19225071937647e-07,0.0,5.656580185703213e-07,1.5356705336732594e-07
260,360.0,7.152792345567326e-07,0.0,5.626362231687189e-07,1.5264301138801384e-07
261,361.0,7.114642529548653e-07,0.0,5.597164835278582e-07,1.517477694270069e-07
262,362.0,7.076696303116178e-07,0.0,5.568118955591072e-07,1.508577347525107e-07
263,363.0,7.03895257950698e-07,0.0,5.539223806345073e-07,1.4997287731619083e-07
264,364.0,7.001410277760079e-07,0.0,5.510478605341285e-07,1.4909316724187928e-07
265,365.0,6.964068322685607e-07,0.0,5.481882574439618e-07,1.4821857482459886e-07
266,366.0,6.926925644833812e-07,0.0,5.453434939537991e-07,1.4734907052958217e-07
267,367.0,6.889981180464556e-07,0.0,5.425134930551482e-07,1.4648462499130734e-07
268,368.0,6.853233871516645e-07,0.0,5.396981781391353e-07,1.4562520901252934e-07
269,369.0,6.816682665577843e-07,0.0,5.368974729944555e-07,1.4477079356332904e-07
270,370.0,6.780326515854306e-07,0.0,5.34111301805279e-07,1.439213497801518e-07
271,371.0,6.744164381140883e-07,0.0,5.313395891492225e-07,1.4307684896486585e-07
272,372.0,6.70819522579112e-07,0.0,5.28582259995295e-07,1.4223726258381712e-07
273,373.0,6.672418019687724e-07,0.0,5.258392397018769e-07,1.4140256226689543e-07
274,374.0,6.63683173821286e-07,0.0,5.231104540146866e-07,1.4057271980659947e-07
275,375.0,6.601435362218947e-07,0.0,5.203958290647818e-07,1.3974770715711298e-07
276,376.0,6.566227877999269e-07,0.0,5.17695291366546e-07,1.389274964333809e-07
277,377.0,6.531208277259204e-07,0.0,5.150087678157214e-07,1.38112059910199e-07
278,378.0,6.496375557087058e-07,0.0,5.123361856874082e-07,1.3730137002129752e-07
279,379.0,6.461728719925458e-07,0.0,5.096774726341068e-07,1.364953993584391e-07
280,380.0,6.427266773542747e-07,0.0,5.070325566837572e-07,1.356941206705174e-07
281,381.0,6.39298873100452e-07,0.0,5.044013662377904e-07,1.348975068626616e-07
282,382.0,6.358893610645405e-07,0.0,5.017838300691921e-07,1.3410553099534824e-07
283,383.0,6.324980436040774e-07,0.0,4.991798773205657e-07,1.3331816628351172e-07
284,384.0,6.291248235979031e-07,0.0,4.965894375022327e-07,1.3253538609567066e-07
285,385.0,6.257696044433501e-07,0.0,4.940124404903032e-07,1.3175716395304708e-07
286,386.0,6.22419368817108e-07,0.0,4.914284092741467e-07,1.3099095954296124e-07
287,387.0,6.190521734087486e-07,0.0,4.888027588518767e-07,1.3024941455687197e-07
288,388.0,6.157032049133169e-07,0.0,4.86191137004288e-07,1.29512067909029e-07
289,389.0,6.123723646394295e-07,0.0,4.835934687781801e-07,1.2877889586124948e-07
290,390.0,6.090595544301485e-07,0.0,4.810096796208116e-07,1.2804987480933678e-07
291,391.0,6.057646766601136e-07,0.0,4.784396953777808e-07,1.273249812823329e-07
292,392.0,6.02487634232635e-07,0.0,4.7588344229087486e-07,1.2660419194176013e-07
293,393.0,5.992283305768574e-07,0.0,4.7334084699597535e-07,1.258874835808819e-07
294,394.0,5.959866696448717e-07,0.0,4.7081183652092114e-07,1.251748331239506e-07
295,395.0,5.927625559089348e-07,0.0,4.682963382834532e-07,1.2446621762548176e-07
296,396.0,5.895558943586104e-07,0.0,4.6579428008910014e-07,1.237616142695105e-07
297,397.0,5.863665904979923e-07,0.0,4.633055901291255e-07,1.230610003688672e-07
298,398.0,5.831945503429023e-07,0.0,4.608301969784542e-07,1.2236435336444824e-07
299,399.0,5.800396804181264e-07,0.0,4.583680295936292e-07,1.2167165082449725e-07
300,400.0,5.769018877546547e-07,0.0,4.5591901731076983e-07,1.2098287044388489e-07
301,401.0,5.73781079886949e-07,0.0,4.5348308984355004e-07,1.202979900433987e-07
302,402.0,5.706908733169541e-07,0.0,4.510710275618299e-07,1.1961984575512413e-07
303,403.0,5.676242059822672e-07,0.0,4.486772456007272e-07,1.1894696038153994e-07
304,404.0,5.645740280135465e-07,0.0,4.462961671646248e-07,1.1827786084892169e-07
305,405.0,5.615402507223e-07,0.0,4.439277248373853e-07,1.1761252588491456e-07
306,406.0,5.585227858971124e-07,0.0,4.415718515606314e-07,1.1695093433648122e-07
307,407.0,5.55521545801103e-07,0.0,4.3922848063186444e-07,1.1629306516923846e-07
308,408.0,5.5253644316935e-07,0.0,4.368975457025608e-07,1.1563889746678906e-07
309,409.0,5.495673912063684e-07,0.0,4.345789807763044e-07,1.1498841043006419e-07
310,410.0,5.466143035835866e-07,0.0,4.3227272020691994e-07,1.1434158337666674e-07
311,411.0,5.436770944368116e-07,0.0,4.299786986965982e-07,1.1369839574021363e-07
312,412.0,5.407556783637589e-07,0.0,4.276968512940666e-07,1.1305882706969211e-07
313,413.0,5.378499704215459e-07,0.0,4.254271133927364e-07,1.1242285702880941e-07
314,414.0,5.349598861242331e-07,0.0,4.2316942072888033e-07,1.1179046539535253e-07
315,415.0,5.320853414403561e-07,0.0,4.2092370937980766e-07,1.1116163206054842e-07
316,416.0,5.292262527904998e-07,0.0,4.186899157620685e-07,1.1053633702843136e-07
317,417.0,5.2638253704484e-07,0.0,4.164679766296327e-07,1.099145604152076e-07
318,418.0,5.235541115207417e-07,0.0,4.142578290721128e-07,1.0929628244862903e-07
319,419.0,5.207408939803449e-07,0.0,4.120594105129762e-07,1.0868148346736857e-07
320,420.0,5.179428026281877e-07,0.0,4.0987265870778693e-07,1.0807014392040083e-07
321,421.0,5.151597561088018e-07,0.0,4.0769751174242126e-07,1.0746224436638057e-07
322,422.0,5.123916735043673e-07,0.0,4.05533908031335e-07,1.0685776547303232e-07
323,423.0,5.096384743323411e-07,0.0,4.033817863158046e-07,1.0625668801653636e-07
324,424.0,5.069000785431309e-07,0.0,4.0124108566220615e-07,1.0565899288092491e-07
325,425.0,5.041764065177503e-07,0.0,3.991117454602759e-07,1.050646610574743e-07
326,426.0,5.014673790655201e-07,0.0,3.969937054214111e-07,1.0447367364410898e-07
327,427.0,4.987729174217441e-07,0.0,3.948869055769447e-07,1.0388601184479937e-07
328,428.0,4.960929432454353e-07,0.0,3.927912862764633e-07,1.0330165696897207e-07
329,429.0,4.934273786170231e-07,0.0,3.9070678818610614e-07,1.027205904309169e-07
330,430.0,4.907761460360929e-07,0.0,3.8863335228689275e-07,1.0214279374920025e-07
331,431.0,4.881391684191344e-07,0.0,3.865709198730519e-07,1.0156824854608251e-07
332,432.0,4.855163690972848e-07,0.0,3.8451943255035077e-07,1.0099693654693396e-07
333,433.0,4.829095815734497e-07,0.0,3.8247883223445694e-07,1.004307493389928e-07
334,434.0,4.803333865323093e-07,0.0,3.804490611492775e-07,9.988432538303194e-08
335,435.0,4.777709450414529e-07,0.0,3.784300618253312e-07,9.934088321612185e-08
336,436.0,4.752221836505502e-07,0.0,3.7642177709812524e-07,9.880040655242511e-08
337,437.0,4.726870293015944e-07,0.0,3.744241501065291e-07,9.826287919506533e-08
338,438.0,4.701654093268051e-07,0.0,3.724371242911647e-07,9.772828503564049e-08
339,439.0,4.6765725144656125e-07,0.0,3.704606433928173e-07,9.719660805374382e-08
340,440.0,4.651624837673023e-07,0.0,3.684946514508246e-07,9.666783231647782e-08
341,441.0,4.6268103477948096e-07,0.0,3.665390928015015e-07,9.61419419779794e-08
342,442.0,4.60212833355516e-07,0.0,3.645939120765701e-07,9.561892127894576e-08
343,443.0,4.577578087477395e-07,0.0,3.6265905420158093e-07,9.509875454615854e-08
344,444.0,4.5531589058637385e-07,0.0,3.6073446439435797e-07,9.458142619201579e-08
345,445.0,4.528870088775091e-07,0.0,3.588200881634464e-07,9.40669207140628e-08
346,446.0,4.5047109400110917e-07,0.0,3.569158713065791e-07,9.355522269453012e-08
347,447.0,4.480680767089933e-07,0.0,3.5502175990912627e-07,9.30463167998671e-08
348,448.0,4.4567788812286135e-07,0.0,3.53137700342577e-07,9.25401877802844e-08
349,449.0,4.433004597323243e-07,0.0,3.512636392630273e-07,9.203682046929707e-08
350,450.0,4.4093572339292416e-07,0.0,3.493995236096571e-07,9.1536199783267e-08
351,451.0,4.385836113241873e-07,0.0,3.4754530060323485e-07,9.103831072095267e-08
352,452.0,4.362440561076814e-07,0.0,3.457009177446232e-07,9.05431383630583e-08
353,453.0,4.339169906850794e-07,0.0,3.4386632281329247e-07,9.005066787178697e-08
354,454.0,4.3160234835623704e-07,0.0,3.420414638658421e-07,8.956088449039499e-08
355,455.0,4.2930006277727187e-07,0.0,3.40226289234524e-07,8.907377354274804e-08
356,456.0,4.270100679586771e-07,0.0,3.384207475257926e-07,8.858932043288444e-08
357,457.0,4.247322982634085e-07,0.0,3.366247876188358e-07,8.810751064457284e-08
358,458.0,4.224666884050154e-07,0.0,3.3483835866413537e-07,8.762832974088008e-08
359,459.0,4.202131734457621e-07,0.0,3.3306141008202574e-07,8.715176336373651e-08
360,460.0,4.179716887947707e-07,0.0,3.3129389156126434e-07,8.66777972335065e-08
361,461.0,4.1574217020615736e-07,0.0,3.295357530575993e-07,8.62064171485581e-08
362,462.0,4.1352455377720293e-07,0.0,3.277869447923633e-07,8.573760898483955e-08
363,463.0,4.11318775946508e-07,0.0,3.2604741725105473e-07,8.52713586954533e-08
364,464.0,4.0912477349217967e-07,0.0,3.243171211819432e-07,8.480765231023645e-08
365,465.0,4.0694248353000564e-07,0.0,3.2259600759466627e-07,8.434647593533953e-08
366,466.0,4.0477184351166773e-07,0.0,3.20884027758855e-07,8.388781575281277e-08
367,467.0,4.026127912229277e-07,0.0,3.191811332027397e-07,8.343165802018795e-08
368,468.0,4.004652647818604e-07,0.0,3.174872757117906e-07,8.29779890700697e-08
369,469.0,3.983292026370647e-07,0.0,3.158024073273427e-07,8.252679530972217e-08
370,470.0,3.962045435659084e-07,0.0,3.141264803452445e-07,8.207806322066408e-08
371,471.0,3.9409122667276323e-07,0.0,3.1245944731450226e-07,8.16317793582609e-08
372,472.0,3.91985703720816e-07,0.0,3.107957290615934e-07,8.118997465922269e-08
373,473.0,3.8986909169728215e-07,0.0,3.0910542305913615e-07,8.076366863814591e-08
374,474.0,3.877639181830419e-07,0.0,3.074243100220724e-07,8.033960816096936e-08
375,475.0,3.8567012134048263e-07,0.0,3.0575233995317487e-07,7.991778138730777e-08
376,476.0,3.8358763966635846e-07,0.0,3.040894631271354e-07,7.949817653922316e-08
377,477.0,3.815164119899776e-07,0.0,3.0243563008908307e-07,7.90807819008946e-08
378,478.0,3.7945637747139927e-07,0.0,3.0079079165310967e-07,7.866558581828963e-08
379,479.0,3.774074755996591e-07,0.0,2.991548989008178e-07,7.825257669884148e-08
380,480.0,3.753696461909771e-07,0.0,2.9752790317985496e-07,7.784174301112214e-08
381,481.0,3.7335969017948e-07,0.0,2.9592314312478414e-07,7.743654705469582e-08
382,482.0,3.713974258570886e-07,0.0,2.9435635115248795e-07,7.704107470460082e-08
383,483.0,3.6944548328980776e-07,0.0,2.9279785470266764e-07,7.664762858713993e-08
384,484.0,3.675038081641137e-07,0.0,2.9124760985392237e-07,7.625619831019116e-08
385,485.0,3.6557234645234423e-07,0.0,2.8970557291740095e-07,7.586677353494323e-08
386,486.0,3.6365104441119313e-07,0.0,2.8817170043557017e-07,7.547934397562299e-08
387,487.0,3.6173984858019696e-07,0.0,2.8664594918097824e-07,7.50938993992188e-08
388,488.0,3.598387057802692e-07,0.0,2.851282761550531e-07,7.471042962521616e-08
389,489.0,3.579475631121978e-07,0.0,2.836186385868753e-07,7.432892452532264e-08
390,490.0,3.560663679551922e-07,0.0,2.8211699393198727e-07,7.394937402320488e-08
391,491.0,3.5419506796539795e-07,0.0,2.806232998711798e-07,7.357176809421824e-08
392,492.0,3.5233361107445854e-07,0.0,2.7913751430931317e-07,7.319609676514537e-08
393,493.0,3.504819454880451e-07,0.0,2.7765959537411696e-07,7.282235011392814e-08
394,494.0,3.48640019684436e-07,0.0,2.7618950141502574e-07,7.245051826941032e-08
395,495.0,3.468077824130638e-07,0.0,2.747271910019914e-07,7.208059141107236e-08
396,496.0,3.4498518269309224e-07,0.0,2.732726229243196e-07,7.17125597687726e-08
397,497.0,3.4317216981200724e-07,0.0,2.718257561895157e-07,7.134641362249155e-08
398,498.0,3.413686933241885e-07,0.0,2.7038655002211794e-07,7.098214330207065e-08
399,499.0,3.395747030495159e-07,0.0,2.6895496386255587e-07,7.061973918696e-08
400,500.0,3.3779014907197035e-07,0.0,2.675309573660079e-07,7.025919170596248e-08
401,501.0,3.360149817382357e-07,0.0,2.66114490401256e-07,6.990049133697973e-08
402,502.0,3.3424915165632894e-07,0.0,2.6470552304956626e-07,6.954362860676279e-08
403,503.0,3.324926096942151e-07,0.0,2.633040156035557e-07,6.918859409065947e-08
404,504.0,3.307453069784403e-07,0.0,2.6190992856607476e-07,6.883537841236545e-08
405,505.0,3.290071948927741e-07,0.0,2.6052322264909675e-07,6.848397224367727e-08
406,506.0,3.2727822507685386e-07,0.0,2.59143858772609e-07,6.813436630424481e-08
407,507.0,3.25558349424835e-07,0.0,2.5777179806350933e-07,6.778655136132567e-08
408,508.0,3.2384752008405657e-07,0.0,2.564070018545148e-07,6.744051822954165e-08
409,509.0,3.221456894537081e-07,0.0,2.5504943168307167e-07,6.709625777063636e-08
410,510.0,3.2045281018349605e-07,0.0,2.5369904929026484e-07,6.675376089323127e-08
411,511.0,3.18712578626017e-07,0.0,2.523112717948015e-07,6.640130683121548e-08
412,512.0,3.1698180571989177e-07,0.0,2.509310856812607e-07,6.605072003863094e-08
413,513.0,3.152604400352898e-07,0.0,2.495584494234793e-07,6.570199061181055e-08
414,514.0,3.135589725254312e-07,0.0,2.4819332172244184e-07,6.536565080298925e-08
415,515.0,3.118697537099066e-07,0.0,2.4683566150505185e-07,6.503409220485464e-08
416,516.0,3.1018964389454305e-07,0.0,2.454854279228885e-07,6.470421597165454e-08
417,517.0,3.085185939397874e-07,0.0,2.4414258035097605e-07,6.437601358881134e-08
418,518.0,3.068565549712352e-07,0.0,2.4280707838656723e-07,6.404947658466806e-08
419,519.0,3.052034783781979e-07,0.0,2.4147888184792586e-07,6.372459653027209e-08
420,520.0,3.0355931581227067e-07,0.0,2.4015795077311077e-07,6.340136503915988e-08
421,521.0,3.0192401918593153e-07,0.0,2.3884424541878546e-07,6.307977376714595e-08
422,522.0,3.002975406711257e-07,0.0,2.375377262590152e-07,6.27598144121105e-08
423,523.0,2.9867983269786425e-07,0.0,2.3623835398407722e-07,6.244147871378697e-08
424,524.0,2.9707084795283276e-07,0.0,2.3494608949927952e-07,6.212475845355325e-08
425,525.0,2.9547053937800993e-07,0.0,2.3366089392378676e-07,6.180964545422308e-08
426,526.0,2.938788601692863e-07,0.0,2.3238272858944855e-07,6.14961315798379e-08
427,527.0,2.922957637750924e-07,0.0,2.3111155503963292e-07,6.118420873545937e-08
428,528.0,2.9072120389504206e-07,0.0,2.2984733502807676e-07,6.08738688669653e-08
429,529.0,2.8915513447856833e-07,0.0,2.2859003051772577e-07,6.056510396084263e-08
430,530.0,2.8759750972358364e-07,0.0,2.2733960367959776e-07,6.025790604398577e-08
431,531.0,2.8604828407513645e-07,0.0,2.2609601689164286e-07,5.99522671834936e-08
432,532.0,2.8450741222407185e-07,0.0,2.2485923273760588e-07,5.964817948646601e-08
433,533.0,2.82974849105715e-07,0.0,2.2362921400590938e-07,5.9345635099805734e-08
434,534.0,2.814505498985457e-07,0.0,2.2240592368852838e-07,5.9044626210017296e-08
435,535.0,2.7993447002288255e-07,0.0,2.2118932497987505e-07,5.8745145043007526e-08
436,536.0,2.784265651395903e-07,0.0,2.1997938127569977e-07,5.844718386389053e-08
437,537.0,2.7692679114876957e-07,0.0,2.1877605617198138e-07,5.815073497678817e-08
438,538.0,2.7543510418846987e-07,0.0,2.1757931346383412e-07,5.785579072463576e-08
439,539.0,2.739514606334097e-07,0.0,2.163891171444222e-07,5.7562343488987485e-08
440,540.0,2.7247581709369167e-07,0.0,2.1520543140387002e-07,5.727038568982159e-08
441,541.0,2.710081304135405e-07,0.0,2.140282206281916e-07,5.6979909785348916e-08
442,542.0,2.695483576700317e-07,0.0,2.128574493982122e-07,5.6690908271819575e-08
443,543.0,2.6809645617184417e-07,0.0,2.1169308248851018e-07,5.640337368333398e-08
444,544.0,2.6665238345799737e-07,0.0,2.1053508486634716e-07,5.611729859165011e-08
445,545.0,2.6521609729662254e-07,0.0,2.0938342169062515e-07,5.5832675605997486e-08
446,546.0,2.6378755568372085e-07,0.0,2.0823805831083265e-07,5.554949737288818e-08
447,547.0,2.623667168419239e-07,0.0,2.0709896026599673e-07,5.5267756575927185e-08
448,548.0,2.609535392192902e-07,0.0,2.059660932836594e-07,5.4987445935630834e-08
449,549.0,2.595479814880737e-07,0.0,2.0483942327883554e-07,5.470855820923814e-08
450,550.0,2.581500025435173e-07,0.0,2.0371891635299017e-07,5.44310861905272e-08
451,551.0,2.5675956150265055e-07,0.0,2.026045387930187e-07,5.415502270963184e-08
452,552.0,2.553766177030973e-07,0.0,2.014962570702367e-07,5.388036063286063e-08
453,553.0,2.5400113070187357e-07,0.0,2.003940378393616e-07,5.3607092862512e-08
454,554.0,2.5263306027421727e-07,0.0,1.9929784793751998e-07,5.3335212336697227e-08
455,555.0,2.5127236641240314e-07,0.0,1.9820765438324454e-07,5.3064712029158606e-08
456,556.0,2.499190093245711e-07,0.0,1.971234243754805e-07,5.27955849490906e-08
457,557.0,2.485729494335624e-07,0.0,1.9604512529260034e-07,5.252782414096214e-08
458,558.0,2.4723289125300856e-07,0.0,1.9497074272296115e-07,5.226214853004736e-08
459,559.0,2.458911647286164e-07,0.0,1.9388820586744453e-07,5.200295886117179e-08
460,560.0,2.445567277012416e-07,0.0,1.9281167958575732e-07,5.1745048115484346e-08
461,561.0,2.432889985756775e-07,0.0,1.9178810421621993e-07,5.150089435945753e-08
462,562.0,2.4202991151349954e-07,0.0,1.907715924870111e-07,5.1258319026488296e-08
463,563.0,2.4077734774996205e-07,0.0,1.8976046845429003e-07,5.1016879295672e-08
464,564.0,2.3953127347279144e-07,0.0,1.8875470356229065e-07,5.07765699105008e-08
465,565.0,2.3829165504500937e-07,0.0,1.877542694065934e-07,5.0537385638416076e-08
466,566.0,2.3705845900403294e-07,0.0,1.8675913773332926e-07,5.029932127070375e-08
467,567.0,2.358316520607676e-07,0.0,1.8576928043838035e-07,5.0062371622387214e-08
468,568.0,2.3461120109870692e-07,0.0,1.8478466956658583e-07,4.982653153212114e-08
469,569.0,2.3339707317303762e-07,0.0,1.838052773109509e-07,4.9591795862086684e-08
470,570.0,2.3218923550974908e-07,0.0,1.828310760118633e-07,4.935815949788582e-08
471,571.0,2.3098765550474815e-07,0.0,1.8186203815631095e-07,4.912561734843714e-08
472,572.0,2.2979230072298328e-07,0.0,1.808981363771101e-07,4.889416434587322e-08
473,573.0,2.2860313889755677e-07,0.0,1.7993934345212264e-07,4.8663795445434115e-08
474,574.0,2.274201379288614e-07,0.0,1.789856323034947e-07,4.843450562536658e-08
475,575.0,2.262432658837111e-07,0.0,1.7803697599689064e-07,4.820628988682046e-08
476,576.0,2.2507249099447862e-07,0.0,1.7709334774073174e-07,4.7979143253746856e-08
477,577.0,2.239077816582335e-07,0.0,1.7615472088543792e-07,4.775306077279556e-08
478,578.0,2.2274910643589207e-07,0.0,1.752210689226776e-07,4.75280375132145e-08
479,579.0,2.2159643405136713e-07,0.0,1.7429236548461871e-07,4.730406856674842e-08
480,580.0,2.204497333907224e-07,0.0,1.7336858434318363e-07,4.708114904753878e-08
481,581.0,2.1930897350132977e-07,0.0,1.72449699409307e-07,4.685927409202268e-08
482,582.0,2.181741235910337e-07,0.0,1.715356847321996e-07,4.6638438858834086e-08
483,583.0,2.170451530273247e-07,0.0,1.7062651449861952e-07,4.641863852870518e-08
484,584.0,2.159220313365039e-07,0.0,1.6972216303213754e-07,4.6199868304366395e-08
485,585.0,2.148047282028617e-07,0.0,1.6882260479241335e-07,4.598212341044843e-08
486,586.0,2.1369321346786033e-07,0.0,1.679278143744758e-07,4.5765399093384533e-08
487,587.0,2.1258745712931886e-07,0.0,1.6703776650800538e-07,4.554969062131341e-08
488,588.0,2.114874293406015e-07,0.0,1.6615243605661995e-07,4.5334993283981556e-08
489,589.0,2.103931004098097e-07,0.0,1.6527179801716315e-07,4.5121302392646544e-08
490,590.0,2.0930444079898205e-07,0.0,1.643958275190009e-07,4.490861327998119e-08
491,591.0,2.0822142112329617e-07,0.0,1.6352449982331831e-07,4.469692129997794e-08
492,592.0,2.0714401215027406e-07,0.0,1.6265779032242103e-07,4.4486221827853084e-08
493,593.0,2.0607218479899016e-07,0.0,1.6179567453903854e-07,4.427651025995166e-08
494,594.0,2.0500752371863172e-07,0.0,1.6093812812563314e-07,4.406939559299864e-08
495,595.0,2.0394997170352508e-07,0.0,1.600851268637194e-07,4.3864844839805764e-08
496,596.0,2.028978820298914e-07,0.0,1.592366466631681e-07,4.366123536672333e-08
497,597.0,2.0185122647019786e-07,0.0,1.58392663561534e-07,4.3458562908663824e-08
498,598.0,2.0080997694282001e-07,0.0,1.5755315372337737e-07,4.325682321944272e-08
499,599.0,1.9977410551128866e-07,0.0,1.5671809343959094e-07,4.305601207169765e-08
500,600.0,1.98743584383535e-07,0.0,1.558874591267282e-07,4.2856125256806824e-08
501,601.0,1.9764104400002717e-07,0.0,1.5498983543209046e-07,4.2651208567936725e-08
502,602.0,1.965446271730788e-07,0.0,1.5409738039118108e-07,4.244724678189776e-08
503,603.0,1.9545429987658862e-07,0.0,1.5321006424210767e-07,4.2244235634481004e-08
504,604.0,1.9437002827357344e-07,0.0,1.5232785739435135e-07,4.2042170879222073e-08
505,605.0,1.9329177871511087e-07,0.0,1.5145073042777575e-07,4.1841048287335115e-08
506,606.0,1.9221951773930508e-07,0.0,1.505786540916544e-07,4.16408636476507e-08
507,607.0,1.911532120702398e-07,0.0,1.4971159930368943e-07,4.144161276655038e-08
508,608.0,1.9009282861694316e-07,0.0,1.4884953714904082e-07,4.124329146790231e-08
509,609.0,1.8903833447236722e-07,0.0,1.4799243887936826e-07,4.104589559299889e-08
510,610.0,1.8798969691235792e-07,0.0,1.471402759118663e-07,4.0849421000491646e-08
511,611.0,1.8693826107421758e-07,0.0,1.4628628294090702e-07,4.065197813331053e-08
512,612.0,1.8589271282899617e-07,0.0,1.454372464918093e-07,4.045546633718682e-08
513,613.0,1.848530191928897e-07,0.0,1.4459313779723172e-07,4.025988139565798e-08
514,614.0,1.8381914736692296e-07,0.0,1.4375392825679377e-07,4.0065219110129055e-08
515,615.0,1.827910647359188e-07,0.0,1.4291958943611154e-07,3.987147529980729e-08
516,616.0,1.8176873886746584e-07,0.0,1.4209009306583144e-07,3.9678645801634374e-08
517,617.0,1.8075213751089387e-07,0.0,1.4126541104067322e-07,3.9486726470220706e-08
518,618.0,1.7974122859625887e-07,0.0,1.404455154184797e-07,3.929571317777913e-08
519,619.0,1.7873598023332396e-07,0.0,1.396303784192659e-07,3.910560181405805e-08
520,620.0,1.7773636071055824e-07,0.0,1.3881997242428198e-07,3.891638828627625e-08
521,621.0,1.7674233849413135e-07,0.0,1.3801426997507453e-07,3.872806851905689e-08
522,622.0,1.757538822269209e-07,0.0,1.3721324377255888e-07,3.854063845436207e-08
523,623.0,1.7477096072751547e-07,0.0,1.3641686667608914e-07,3.8354094051426306e-08
524,624.0,1.7379354298923946e-07,0.0,1.3562511170254589e-07,3.8168431286693544e-08
525,625.0,1.7282159817916468e-07,0.0,1.3483795202541498e-07,3.798364615374966e-08
526,626.0,1.7185509563714544e-07,0.0,1.3405536097388524e-07,3.7799734663260145e-08
527,627.0,1.708940048748391e-07,0.0,1.3327731203193659e-07,3.761669284290253e-08
528,628.0,1.6993829557475493e-07,0.0,1.325037788374503e-07,3.7434516737304635e-08
529,629.0,1.6898793758928822e-07,0.0,1.317347351813097e-07,3.725320240797858e-08
530,630.0,1.6804290093977093e-07,0.0,1.3097015500651384e-07,3.707274593325708e-08
531,631.0,1.671031558155274e-07,0.0,1.3021001240729726e-07,3.689314340823015e-08
532,632.0,1.6616867257292746e-07,0.0,1.294542816282473e-07,3.6714390944680115e-08
533,633.0,1.6523942173445553e-07,0.0,1.2870293706343622e-07,3.6536484671019275e-08
534,634.0,1.6431537398777557e-07,0.0,1.2795595325554984e-07,3.63594207322257e-08
535,635.0,1.6339650018480848e-07,0.0,1.272133048950281e-07,3.6183195289780334e-08
536,636.0,1.6248277134080842e-07,0.0,1.2647496681920446e-07,3.6007804521603945e-08
537,637.0,1.615741586334492e-07,0.0,1.2574091401145532e-07,3.5833244621993914e-08
538,638.0,1.6067063340191606e-07,0.0,1.250111216003534e-07,3.565951180156267e-08
539,639.0,1.5977216714599712e-07,0.0,1.2428556485882292e-07,3.548660228717423e-08
540,640.0,1.5889683221685163e-07,0.0,1.2357833500535253e-07,3.531849721149912e-08
541,641.0,1.5803683927054253e-07,0.0,1.2288334761994955e-07,3.5153491650592995e-08
542,642.0,1.571815068018109e-07,0.0,1.2219226874703738e-07,3.4989238054773544e-08
543,643.0,1.5633080954157563e-07,0.0,1.215050764056836e-07,3.4825733135892e-08
544,644.0,1.5548471778484135e-07,0.0,1.2082174162723905e-07,3.4662976157602355e-08
545,645.0,1.5464319350008137e-07,0.0,1.2014222241430094e-07,3.450097108578041e-08
546,646.0,1.5380622967626965e-07,0.0,1.194665249171774e-07,3.4339704759092266e-08
547,647.0,1.529738015861189e-07,0.0,1.1879462764197818e-07,3.4179173944140686e-08
548,648.0,1.5214588463645322e-07,0.0,1.1812650921569737e-07,3.4019375420755813e-08
549,649.0,1.5132245436747965e-07,0.0,1.1746214838553254e-07,3.3860305981947106e-08
550,650.0,1.5050348645206987e-07,0.0,1.1680152401821306e-07,3.3701962433856834e-08
551,651.0,1.49688956695035e-07,0.0,1.1614461509932297e-07,3.354434159571201e-08
552,652.0,1.4887884103241073e-07,0.0,1.1549140073263382e-07,3.338744029977689e-08
553,653.0,1.4807311553074923e-07,0.0,1.1484186013944252e-07,3.323125539130669e-08
554,654.0,1.472717563864074e-07,0.0,1.1419597265790745e-07,3.307578372850001e-08
555,655.0,1.464747399248445e-07,0.0,1.135537177423925e-07,3.2921022182451997e-08
556,656.0,1.4568204259992026e-07,0.0,1.1291507496281255e-07,3.276696763710766e-08
557,657.0,1.44893640993201e-07,0.0,1.1228002400398561e-07,3.2613616989215375e-08
558,658.0,1.4410951181326215e-07,0.0,1.1164854466498251e-07,3.2460967148279584e-08
559,659.0,1.433296318950082e-07,0.0,1.110206168584918e-07,3.230901503651641e-08
560,660.0,1.4255397819897542e-07,0.0,1.1039622061017094e-07,3.2157757588804446e-08
561,661.0,1.4178252781066146e-07,0.0,1.0977533605801992e-07,3.2007191752641536e-08
562,662.0,1.4101525793984e-07,0.0,1.091579434517434e-07,3.18573144880966e-08
563,663.0,1.40252145919889e-07,0.0,1.0854402315212428e-07,3.170812276776473e-08
564,664.0,1.3949316920712255e-07,0.0,1.0793355563040106e-07,3.155961357672146e-08
565,665.0,1.38738305380121e-07,0.0,1.073265214676441e-07,3.1411783912476934e-08
566,666.0,1.379875321390674e-07,0.0,1.0672290135413747e-07,3.126463078492992e-08
567,667.0,1.37240827305091e-07,0.0,1.0612267608876759e-07,3.1118151216323446e-08
568,668.0,1.3649816881960884e-07,0.0,1.0552582657841015e-07,3.097234224119872e-08
569,669.0,1.3575953474367425e-07,0.0,1.0493233383732398e-07,3.08272009063503e-08
570,670.0,1.3502490325732546e-07,0.0,1.0434217898654488e-07,3.068272427078059e-08
571,671.0,1.3429425265894408e-07,0.0,1.0375534325328827e-07,3.053890940565585e-08
572,672.0,1.3356756136460943e-07,0.0,1.0317180797034916e-07,3.039575339426029e-08
573,673.0,1.3284480790746487e-07,0.0,1.0259155457551186e-07,3.0253253331953024e-08
574,674.0,1.3212620800144786e-07,0.0,1.0201456461095416e-07,3.011164339049367e-08
575,675.0,1.314122210549863e-07,0.0,1.0144081972266656e-07,2.9971401332319754e-08
576,676.0,1.3070209796056682e-07,0.0,1.0087030165986329e-07,2.983179630070355e-08
577,677.0,1.2999581779651605e-07,0.0,1.003029922744032e-07,2.969282552211288e-08
578,678.0,1.2929335975448255e-07,0.0,9.973887352021456e-08,2.955448623426804e-08
579,679.0,1.2859470313882044e-07,0.0,9.917792745271898e-08,2.9416775686101524e-08
580,680.0,1.2789982736597827e-07,0.0,9.862013622826037e-08,2.9279691137717934e-08
581,681.0,1.2720871196389268e-07,0.0,9.806548210353789e-08,2.914322986035482e-08
582,682.0,1.265213365713863e-07,0.0,9.751394743504291e-08,2.9007389136343384e-08
583,683.0,1.2583768093756314e-07,0.0,9.696551467849494e-08,2.8872166259068166e-08
584,684.0,1.2515772492121455e-07,0.0,9.642016638828614e-08,2.8737558532928418e-08
585,685.0,1.2448144849022365e-07,0.0,9.587788521692502e-08,2.860356327329865e-08
586,686.0,1.2380883172097384e-07,0.0,9.533865391448463e-08,2.8470177806489202e-08
587,687.0,1.2313985479776194e-07,0.0,9.480245532805452e-08,2.8337399469707512e-08
588,688.0,1.2247449801221358e-07,0.0,9.426927240119444e-08,2.8205225611019057e-08
589,689.0,1.2181274176270094e-07,0.0,9.373908817339244e-08,2.8073653589308485e-08
590,690.0,1.2115456655376607e-07,0.0,9.321188577952517e-08,2.7942680774240926e-08
591,691.0,1.2049995299554325e-07,0.0,9.268764844932038e-08,2.7812304546222883e-08
592,692.0,1.198488818031886e-07,0.0,9.216635950682437e-08,2.7682522296364255e-08
593,693.0,1.1920133379631228e-07,0.0,9.164800236987256e-08,2.755333142643969e-08
594,694.0,1.1855728989840975e-07,0.0,9.113256054955981e-08,2.7424729348849972e-08
595,695.0,1.1791673113630098e-07,0.0,9.062001764971708e-08,2.729671348658387e-08
596,696.0,1.1727963863957062e-07,0.0,9.011035736639032e-08,2.7169281273180275e-08
597,697.0,1.1664599364001019e-07,0.0,8.960356348732066e-08,2.704243015268954e-08
598,698.0,1.1601577747106711e-07,0.0,8.909961989143077e-08,2.6916157579636314e-08
599,699.0,1.1538897156728883e-07,0.0,8.859851054830835e-08,2.679046101898049e-08
600,700.0,1.1476555746378278e-07,0.0,8.810021951770175e-08,2.6665337946081088e-08
601,701.0,1.1418228875348987e-07,0.0,8.763297592997068e-08,2.654931282351919e-08
602,702.0,1.1360198936836057e-07,0.0,8.716821039021198e-08,2.6433778978148574e-08
603,703.0,1.1302464418210475e-07,0.0,8.670590975598306e-08,2.6318734426121696e-08
604,704.0,1.1245023814551508e-07,0.0,8.624606095454335e-08,2.620417719097172e-08
605,705.0,1.1187875628607345e-07,0.0,8.57886509824842e-08,2.6090105303589245e-08
606,706.0,1.1131018370756043e-07,0.0,8.533366690536134e-08,2.5976516802199076e-08
607,707.0,1.1074450558966583e-07,0.0,8.488109585732888e-08,2.586340973233695e-08
608,708.0,1.1018170718760171e-07,0.0,8.443092504077514e-08,2.575078214682657e-08
609,709.0,1.096217738317185e-07,0.0,8.398314172596172e-08,2.563863210575677e-08
610,710.0,1.090646909271208e-07,0.0,8.353773325066274e-08,2.5526957676458124e-08
611,711.0,1.085179334109619e-07,0.0,8.310042719569243e-08,2.5417506215269487e-08
612,712.0,1.0797392171305166e-07,0.0,8.266541036474428e-08,2.5308511348307368e-08
613,713.0,1.0743264203440553e-07,0.0,8.22326707741136e-08,2.519997126029196e-08
614,714.0,1.0689408064540948e-07,0.0,8.180219650282838e-08,2.509188414258106e-08
615,715.0,1.0635822388547094e-07,0.0,8.137397569232125e-08,2.49842481931497e-08
616,716.0,1.0582505816267102e-07,0.0,8.094799654610156e-08,2.487706161656943e-08
617,717.0,1.0529456995342014e-07,0.0,8.052424732943178e-08,2.477032262398836e-08
618,718.0,1.0476674580211543e-07,0.0,8.010271636900449e-08,2.4664029433110926e-08
619,719.0,1.042472680852595e-07,0.0,7.96877608357387e-08,2.4559507249520843e-08
620,720.0,1.0374343014500123e-07,0.0,7.928496956340716e-08,2.4458460581594068e-08
621,721.0,1.0324203171213666e-07,0.0,7.888421424750606e-08,2.4357817464630646e-08
622,722.0,1.0274306096663924e-07,0.0,7.848548459705038e-08,2.4257576369588905e-08
623,723.0,1.022465061457758e-07,0.0,7.808877037307364e-08,2.415773577270213e-08
624,724.0,1.0175235554382555e-07,0.0,7.769406138836281e-08,2.4058294155462737e-08
625,725.0,1.0126059751180467e-07,0.0,7.730134750719691e-08,2.3959250004607776e-08
626,726.0,1.0077122045719207e-07,0.0,7.691061864508768e-08,2.3860601812104392e-08
627,727.0,1.0028421284365539e-07,0.0,7.652186476852038e-08,2.3762348075135022e-08
628,728.0,9.979956319077806e-08,0.0,7.613507589469574e-08,2.3664487296082305e-08
629,729.0,9.93172600737871e-08,0.0,7.575024209127269e-08,2.356701798251443e-08
630,730.0,9.883709074599696e-08,0.0,7.536704607204466e-08,2.3470044673952305e-08
631,731.0,9.835874823672943e-08,0.0,7.498502698838182e-08,2.3373721248347623e-08
632,732.0,9.788272508606935e-08,0.0,7.460494427595601e-08,2.327778081011337e-08
633,733.0,9.740901003995444e-08,0.0,7.422678811972577e-08,2.3182221920228657e-08
634,734.0,9.693759189894737e-08,0.0,7.385054875439835e-08,2.308704314454901e-08
635,735.0,9.64684595179733e-08,0.0,7.347621646417933e-08,2.2992243053793987e-08
636,736.0,9.600160180605632e-08,0.0,7.310378158252231e-08,2.2897820223534053e-08
637,737.0,9.553700772605544e-08,0.0,7.273323449187806e-08,2.280377323417739e-08
638,738.0,9.507466629440281e-08,0.0,7.236456562344598e-08,2.2710100670956805e-08
639,739.0,9.461456658084571e-08,0.0,7.199776545692858e-08,2.261680112391715e-08
640,740.0,9.415669770818635e-08,0.0,7.163282452028434e-08,2.2523873187902013e-08
641,741.0,9.370104885202405e-08,0.0,7.126973338948329e-08,2.2431315462540743e-08
642,742.0,9.324760924049916e-08,0.0,7.090848268826364e-08,2.233912655223552e-08
643,743.0,9.279636815403897e-08,0.0,7.054906308789036e-08,2.2247305066148613e-08
644,744.0,9.234731492510301e-08,0.0,7.01914653069138e-08,2.2155849618189207e-08
645,745.0,9.190043893792972e-08,0.0,6.983568011092934e-08,2.2064758827000395e-08
646,746.0,9.145572962828607e-08,0.0,6.948169831233967e-08,2.1974031315946398e-08
647,747.0,9.101317648321758e-08,0.0,6.912951077011773e-08,2.1883665713099808e-08
648,748.0,9.057276904079845e-08,0.0,6.877910838957015e-08,2.1793660651228305e-08
649,749.0,9.013449688988473e-08,0.0,6.843048212210256e-08,2.1704014767782174e-08
650,750.0,8.969834966986732e-08,0.0,6.808362296498612e-08,2.161472670488119e-08
651,751.0,8.92643170704258e-08,0.0,6.773852196112416e-08,2.1525795109301636e-08
652,752.0,8.883238883128715e-08,0.0,6.739517019882303e-08,2.1437218632464118e-08
653,753.0,8.840255474197827e-08,0.0,6.705355881155866e-08,2.1348995930419602e-08
654,754.0,8.797480424842096e-08,0.0,6.671367897775105e-08,2.1261125270669882e-08
655,755.0,8.75489152031471e-08,0.0,6.637552192053392e-08,2.1173393282613195e-08
656,756.0,8.712509201963835e-08,0.0,6.603907890752917e-08,2.1086013112109243e-08
657,757.0,8.670332466939435e-08,0.0,6.57043412506214e-08,2.099898341877294e-08
658,758.0,8.628360317261541e-08,0.0,6.537130030573335e-08,2.0912302866882032e-08
659,759.0,8.586591759796664e-08,0.0,6.503994747260289e-08,2.082597012536377e-08
660,760.0,8.545025806234125e-08,0.0,6.471027419455991e-08,2.0739983867781337e-08
661,761.0,8.503661473062815e-08,0.0,6.438227195830713e-08,2.065434277232104e-08
662,762.0,8.462497781547774e-08,0.0,6.405593229369899e-08,2.056904552177876e-08
663,763.0,8.421533757706954e-08,0.0,6.3731246773523e-08,2.0484090803546533e-08
664,764.0,8.380768432288201e-08,0.0,6.340820701328242e-08,2.039947730959958e-08
665,765.0,8.340200840746373e-08,0.0,6.308680467098056e-08,2.0315203736483202e-08
666,766.0,8.299830023220213e-08,0.0,6.276703144690316e-08,2.0231268785298976e-08
667,767.0,8.259655024509878e-08,0.0,6.244887908340646e-08,2.014767116169233e-08
668,768.0,8.219674894054019e-08,0.0,6.21323393647017e-08,2.0064409575838473e-08
669,769.0,8.179888685907634e-08,0.0,6.181740411664586e-08,1.9981482742430496e-08
670,770.0,8.140295458719203e-08,0.0,6.150406520652722e-08,1.9898889380664838e-08
671,771.0,8.100894275708712e-08,0.0,6.119231454285787e-08,1.9816628214229262e-08
672,772.0,8.061684204645308e-08,0.0,6.088214407516386e-08,1.9734697971289243e-08
673,773.0,8.022664317825182e-08,0.0,6.057354579377689e-08,1.965309738447493e-08
674,774.0,7.983833692049695e-08,0.0,6.026651172962863e-08,1.9571825190868355e-08
675,775.0,7.945191408603268e-08,0.0,5.996103395404287e-08,1.94908801319898e-08
676,776.0,7.906736553231991e-08,0.0,5.965710457853406e-08,1.9410260953785883e-08
677,777.0,7.868468216121593e-08,0.0,5.9354715754600506e-08,1.9329966406615424e-08
678,778.0,7.830385491875935e-08,0.0,5.90538596735225e-08,1.9249995245236862e-08
679,779.0,7.792487479495735e-08,0.0,5.875452856616176e-08,1.9170346228795577e-08
680,780.0,7.754773282357054e-08,0.0,5.845671470275982e-08,1.9091018120810762e-08
681,781.0,7.717242008190112e-08,0.0,5.816041039273869e-08,1.9012009689162412e-08
682,782.0,7.679892769058092e-08,0.0,5.786560798450231e-08,1.8933319706078622e-08
683,783.0,7.642724681336109e-08,0.0,5.7572299865238624e-08,1.8854946948122477e-08
684,784.0,7.605736865690292e-08,0.0,5.7280478460723495e-08,1.877689019617942e-08
685,785.0,7.568928447056925e-08,0.0,5.699013623512483e-08,1.8699148235444406e-08
686,786.0,7.532298554621689e-08,0.0,5.670126569080789e-08,1.8621719855408997e-08
687,787.0,7.495846321799104e-08,0.0,5.641385936814238e-08,1.8544603849848625e-08
688,788.0,7.4595708862118e-08,0.0,5.612790984530824e-08,1.846779901680975e-08
689,789.0,7.423471389670294e-08,0.0,5.58434097381057e-08,1.8391304158597255e-08
690,790.0,7.387546978152544e-08,0.0,5.556035169976378e-08,1.831511808176167e-08
691,791.0,7.351796801783698e-08,0.0,5.527872842075059e-08,1.823923959708637e-08
692,792.0,7.316220014816008e-08,0.0,5.499853262858489e-08,1.816366751957519e-08
693,793.0,7.280815775608653e-08,0.0,5.4719757087647345e-08,1.8088400668439175e-08
694,794.0,7.245583246608029e-08,0.0,5.444239459899553e-08,1.8013437867084782e-08
695,795.0,7.210521594327632e-08,0.0,5.416643800017583e-08,1.793877794310051e-08
696,796.0,7.175629989328442e-08,0.0,5.3891880165039835e-08,1.7864419728244572e-08
697,797.0,7.140907606199348e-08,0.0,5.361871400356076e-08,1.7790362058432722e-08
698,798.0,7.106353623537377e-08,0.0,5.334693246164875e-08,1.7716603773725033e-08
699,799.0,7.074724713419861e-08,0.0,5.3097312095495814e-08,1.764993503870279e-08
700,800.0,7.043286970537495e-08,0.0,5.2849237091101595e-08,1.758363261427336e-08
701,801.0,7.01102181862518e-08,0.0,5.259505433626505e-08,1.7515163849986783e-08
702,802.0,6.978904799292408e-08,0.0,5.234209409430497e-08,1.7446953898619115e-08
703,803.0,6.946935231895184e-08,0.0,5.209035048544469e-08,1.7379001833507164e-08
704,804.0,6.915112438918409e-08,0.0,5.183981765818768e-08,1.7311306730996432e-08
705,805.0,6.883435745961289e-08,0.0,5.1590489789180234e-08,1.724386767043265e-08
706,806.0,6.851904481723063e-08,0.0,5.134236108307635e-08,1.7176683734154283e-08
707,807.0,6.820517977988811e-08,0.0,5.109542577240339e-08,1.7109754007484717e-08
708,808.0,6.789275569615229e-08,0.0,5.0849678117428014e-08,1.7043077578724277e-08
709,809.0,6.758176594516404e-08,0.0,5.0605112406021675e-08,1.6976653539142376e-08
710,810.0,6.72722039365005e-08,0.0,5.0361722953530256e-08,1.691048098297023e-08
711,811.0,6.695635403113671e-08,0.0,5.011373421363685e-08,1.684261981749986e-08
712,812.0,6.664199028366424e-08,0.0,4.9866966607801456e-08,1.677502367586279e-08
713,813.0,6.632910569555346e-08,0.0,4.9621414122974815e-08,1.6707691572578636e-08
714,814.0,6.60176933012474e-08,0.0,4.93770707757179e-08,1.6640622525529484e-08
715,815.0,6.570774616800382e-08,0.0,4.9133930612054195e-08,1.6573815555949612e-08
716,816.0,6.539966142911493e-08,0.0,4.889259264643458e-08,1.6507068782680342e-08
717,817.0,6.509367088822749e-08,0.0,4.8653407863753046e-08,1.6440263024474453e-08
718,818.0,6.478911517273587e-08,0.0,4.8415393183886475e-08,1.637372198884941e-08
719,819.0,6.448598754892912e-08,0.0,4.8178542882637974e-08,1.6307444666291132e-08
720,820.0,6.41842813147135e-08,0.0,4.794285126381498e-08,1.624143005089853e-08
721,821.0,6.388398979946156e-08,0.0,4.770831265909047e-08,1.61756771403711e-08
722,822.0,6.358510636386461e-08,0.0,4.747492142786686e-08,1.611018493599778e-08
723,823.0,6.328762439978677e-08,0.0,4.724267195714105e-08,1.6044952442645714e-08
724,824.0,6.299153733011771e-08,0.0,4.701155866136909e-08,1.5979978668748633e-08
725,825.0,6.269683860862663e-08,0.0,4.6781575982331216e-08,1.591526262629542e-08
726,826.0,6.24035217198182e-08,0.0,4.655271838899924e-08,1.585080333081897e-08
727,827.0,6.21115801787875e-08,0.0,4.632498037740272e-08,1.5786599801384782e-08
728,828.0,6.182100753107656e-08,0.0,4.609835647049699e-08,1.5722651060579577e-08
729,829.0,6.153179735253112e-08,0.0,4.587284121803105e-08,1.565895613450009e-08
730,830.0,6.124394324915975e-08,0.0,4.5648429196417584e-08,1.5595514052742174e-08
731,831.0,6.095743885698987e-08,0.0,4.542511500860094e-08,1.5532323848388918e-08
732,832.0,6.067227784192832e-08,0.0,4.520289328392833e-08,1.5469384557999995e-08
733,833.0,6.038845389962051e-08,0.0,4.498175867802027e-08,1.5406695221600256e-08
734,834.0,6.010596075531139e-08,0.0,4.476170587264261e-08,1.5344254882668775e-08
735,835.0,5.98251219867457e-08,0.0,4.454272957557824e-08,1.5282392411167428e-08
736,836.0,5.954570559871042e-08,0.0,4.432482452049916e-08,1.5220881078211296e-08
737,837.0,5.926759732535355e-08,0.0,4.410798546684147e-08,1.515961185851209e-08
738,838.0,5.899079103718023e-08,0.0,4.389220719967749e-08,1.5098583837502746e-08
739,839.0,5.871528063343081e-08,0.0,4.367748452959172e-08,1.5037796103839096e-08
740,840.0,5.8441060041944886e-08,0.0,4.346381229255524e-08,1.497724774938966e-08
741,841.0,5.816812321902746e-08,0.0,4.32511853498017e-08,1.4916937869225743e-08
742,842.0,5.7896464149316225e-08,0.0,4.30395985877044e-08,1.4856865561611837e-08
743,843.0,5.7626076845647235e-08,0.0,4.2829046917651964e-08,1.4797029927995277e-08
744,844.0,5.735695534892441e-08,0.0,4.2619525275927505e-08,1.4737430072996907e-08
745,845.0,5.708909372798621e-08,0.0,4.241102862358538e-08,1.4678065104400793e-08
746,846.0,5.682248607947571e-08,0.0,4.220355194633105e-08,1.4618934133144674e-08
747,847.0,5.6557126527710574e-08,0.0,4.199709025440031e-08,1.4560036273310253e-08
748,848.0,5.6293009224551756e-08,0.0,4.1791638582438646e-08,1.4501370642113096e-08
749,849.0,5.603012834927599e-08,0.0,4.158719198938269e-08,1.4442936359893306e-08
750,850.0,5.576847810844596e-08,0.0,4.1383745558340524e-08,1.438473255010544e-08
751,851.0,5.5508052735783686e-08,0.0,4.118129439647454e-08,1.4326758339309145e-08
752,852.0,5.524884649204155e-08,0.0,4.097983363488242e-08,1.4269012857159146e-08
753,853.0,5.4990853664877316e-08,0.0,4.077935842848138e-08,1.4211495236395948e-08
754,854.0,5.473406856872638e-08,0.0,4.057986395589052e-08,1.4154204612835853e-08
755,855.0,5.447848554467698e-08,0.0,4.038134541931545e-08,1.4097140125361553e-08
756,856.0,5.42240989603456e-08,0.0,4.0183798044433045e-08,1.4040300915912568e-08
757,857.0,5.3970903209751423e-08,0.0,3.998721708027594e-08,1.3983686129475496e-08
758,858.0,5.371889271319405e-08,0.0,3.97915977991193e-08,1.3927294914074749e-08
759,859.0,5.3468061917128724e-08,0.0,3.9596935496366015e-08,1.3871126420762696e-08
760,860.0,5.321840529404506e-08,0.0,3.940322549043458e-08,1.3815179803610494e-08
761,861.0,5.29699173423436e-08,0.0,3.9210463122645345e-08,1.3759454219698244e-08
762,862.0,5.2722592586215823e-08,0.0,3.9018643757109874e-08,1.3703948829105953e-08
763,863.0,5.2476425575521704e-08,0.0,3.8827762780618066e-08,1.3648662794903651e-08
764,864.0,5.223141088567063e-08,0.0,3.863781560252827e-08,1.359359528314237e-08
765,865.0,5.1987543117500747e-08,0.0,3.844879765465625e-08,1.3538745462844484e-08
766,866.0,5.1744816897159826e-08,0.0,3.826070439116544e-08,1.3484112505994394e-08
767,867.0,5.1503226875987545e-08,0.0,3.807353128845817e-08,1.3429695587529381e-08
768,868.0,5.126276773039595e-08,0.0,3.7887273845065996e-08,1.337549388532995e-08
769,869.0,5.102343416175257e-08,0.0,3.7701927581541874e-08,1.332150658021069e-08
770,870.0,5.0785220896263566e-08,0.0,3.751748804035254e-08,1.3267732855911046e-08
771,871.0,5.0548122684857236e-08,0.0,3.733395078577124e-08,1.3214171899085984e-08
772,872.0,5.03121343030679e-08,0.0,3.7151311403771086e-08,1.3160822899296805e-08
773,873.0,5.0077250550920115e-08,0.0,3.6969565501918435e-08,1.3107685049001668e-08
774,874.0,4.984346625281483e-08,0.0,3.678870870926799e-08,1.3054757543546853e-08
775,875.0,4.961077625741426e-08,0.0,3.660873667625708e-08,1.3002039581157177e-08
776,876.0,4.937917543752824e-08,0.0,3.642964507460126e-08,1.2949530362926962e-08
777,877.0,4.914865869000168e-08,0.0,3.62514295971906e-08,1.2897229092811077e-08
778,878.0,4.892879146151175e-08,0.0,3.608118036400901e-08,1.2847611097502745e-08
779,879.0,4.8714435554976654e-08,0.0,3.591508434760805e-08,1.2799351207368603e-08
780,880.0,4.85010212268573e-08,0.0,3.574975293719789e-08,1.2751268289659422e-08
781,881.0,4.828854433714714e-08,0.0,3.5585182612993425e-08,1.2703361724153723e-08
782,882.0,4.8077000764051394e-08,0.0,3.542136987141223e-08,1.2655630892639174e-08
783,883.0,4.7866386403907036e-08,0.0,3.5258311225000036e-08,1.260807517890702e-08
784,884.0,4.765669717110448e-08,0.0,3.509600320235752e-08,1.256069396874696e-08
785,885.0,4.744792899800553e-08,0.0,3.4934442348064574e-08,1.2513486649940949e-08
786,886.0,4.724007783486699e-08,0.0,3.4773625222608623e-08,1.2466452612258358e-08
787,887.0,4.703313964975982e-08,0.0,3.461354840230991e-08,1.2419591247449906e-08
788,888.0,4.682711042849214e-08,0.0,3.44542084792496e-08,1.2372901949242538e-08
789,889.0,4.662198617453069e-08,0.0,3.4295602061196897e-08,1.2326384113333782e-08
790,890.0,4.641776290892274e-08,0.0,3.4137725771536556e-08,1.22800371373862e-08
791,891.0,4.6214436670219385e-08,0.0,3.3980576249197367e-08,1.2233860421022013e-08
792,892.0,4.6012003514397914e-08,0.0,3.382415014858034e-08,1.2187853365817566e-08
793,893.0,4.581045951478592e-08,0.0,3.3668444139487894e-08,1.2142015375298018e-08
794,894.0,4.560980076198381e-08,0.0,3.351345490705219e-08,1.209634585493163e-08
795,895.0,4.5410023363790644e-08,0.0,3.335917915166587e-08,1.2050844212124777e-08
796,896.0,4.521112344512567e-08,0.0,3.3205613588909846e-08,1.2005509856215804e-08
797,897.0,4.50130971479559e-08,0.0,3.305275494948547e-08,1.1960342198470423e-08
798,898.0,4.4815940631219557e-08,0.0,3.290059997914377e-08,1.1915340652075785e-08
799,899.0,4.461965007075079e-08,0.0,3.2749145438615743e-08,1.1870504632135059e-08
800,900.0,4.442422165920756e-08,0.0,3.2598388103545056e-08,1.1825833555662498e-08
801,901.0,4.4233717506162825e-08,0.0,3.245131350320745e-08,1.1782404002955373e-08
802,902.0,4.4044017399067704e-08,0.0,3.2304880071536987e-08,1.173913732753073e-08
803,903.0,4.385511425184945e-08,0.0,3.215907959938341e-08,1.169603465246607e-08
804,904.0,4.366702363717554e-08,0.0,3.2013937163341874e-08,1.1653086473833658e-08
805,905.0,4.347974205638307e-08,0.0,3.186944979352101e-08,1.1610292262862054e-08
806,906.0,4.329326602588278e-08,0.0,3.1725614533433985e-08,1.1567651492448797e-08
807,907.0,4.310759207709262e-08,0.0,3.1582428439936785e-08,1.1525163637155835e-08
808,908.0,4.292271675637401e-08,0.0,3.143988858316893e-08,1.148282817320507e-08
809,909.0,4.2738636624967073e-08,0.0,3.129799204649308e-08,1.144064457847398e-08
810,910.0,4.255534825892592e-08,0.0,3.115673592643497e-08,1.1398612332490939e-08
811,911.0,4.236504757700311e-08,0.0,3.101040447886222e-08,1.1354643098140879e-08
812,912.0,4.217560022348962e-08,0.0,3.08647602949552e-08,1.1310839928534434e-08
813,913.0,4.198700236795076e-08,0.0,3.071980014689543e-08,1.1267202221055327e-08
814,914.0,4.179925019715518e-08,0.0,3.0575520822024407e-08,1.1223729375130783e-08
815,915.0,4.161262820587779e-08,0.0,3.0431919122772405e-08,1.1180709083105378e-08
816,916.0,4.1427111736677455e-08,0.0,3.028899186658702e-08,1.1138119870090427e-08
817,917.0,4.124242468401423e-08,0.0,3.014673588586343e-08,1.1095688798150795e-08
818,918.0,4.105856333566136e-08,0.0,3.000514802787363e-08,1.1053415307787738e-08
819,919.0,4.087552399601627e-08,0.0,2.9864225154696986e-08,1.1011298841319276e-08
820,920.0,4.069330298602563e-08,0.0,2.9723964143150352e-08,1.0969338842875264e-08
821,921.0,4.0511896643111835e-08,0.0,2.958436188471926e-08,1.0927534758392583e-08
822,922.0,4.033130132109851e-08,0.0,2.9445415285488498e-08,1.0885886035610024e-08
823,923.0,4.015151339013699e-08,0.0,2.9307121266073564e-08,1.0844392124063419e-08
824,924.0,3.997252923663449e-08,0.0,2.9169476761553444e-08,1.0803052475081056e-08
825,925.0,3.979434526317953e-08,0.0,2.903247872140117e-08,1.0761866541778356e-08
826,926.0,3.961695788847033e-08,0.0,2.889612410941711e-08,1.072083377905323e-08
827,927.0,3.9440363547243345e-08,0.0,2.876040990366203e-08,1.0679953643581313e-08
828,928.0,3.9264558690199846e-08,0.0,2.8625333096389047e-08,1.0639225593810806e-08
829,929.0,3.908953978393496e-08,0.0,2.8490890693977315e-08,1.0598649089957655e-08
830,930.0,3.891530331086802e-08,0.0,2.835707971686686e-08,1.0558223594001172e-08
831,931.0,3.874184576916903e-08,0.0,2.8223897199490575e-08,1.0517948569678463e-08
832,932.0,3.856916367269026e-08,0.0,2.8091340190210105e-08,1.0477823482480157e-08
833,933.0,3.8397253550894745e-08,0.0,2.7959405751249455e-08,1.0437847799645287e-08
834,934.0,3.822611194878726e-08,0.0,2.782809095863061e-08,1.039802099015664e-08
835,935.0,3.8055735426843995e-08,0.0,2.7697392902108177e-08,1.0358342524735808e-08
836,936.0,3.788612056094361e-08,0.0,2.7567308685105146e-08,1.031881187583847e-08
837,937.0,3.771726394229799e-08,0.0,2.743783542464851e-08,1.0279428517649483e-08
838,938.0,3.754916217738368e-08,0.0,2.7308970251305507e-08,1.0240191926078182e-08
839,939.0,3.7381811887874334e-08,0.0,2.7180710309120542e-08,1.0201101578753794e-08
840,940.0,3.7215209710570596e-08,0.0,2.7053052755550514e-08,1.0162156955020093e-08
841,941.0,3.704935229733461e-08,0.0,2.692599476140336e-08,1.012335753593125e-08
842,942.0,3.688423631502097e-08,0.0,2.6799533510774253e-08,1.0084702804246719e-08
843,943.0,3.6719858445410365e-08,0.0,2.6673666200983816e-08,1.004619224442654e-08
844,944.0,3.655621538514253e-08,0.0,2.654839004251582e-08,1.0007825342626723e-08
845,945.0,3.639330384564938e-08,0.0,2.6423702258955088e-08,9.969601586694303e-09
846,946.0,3.623112055308941e-08,0.0,2.6299600086926566e-08,9.931520466162837e-09
847,947.0,3.606966224828102e-08,0.0,2.6176080776033532e-08,9.893581472247486e-09
848,948.0,3.5908925686637366e-08,0.0,2.6053141588796918e-08,9.855784097840454e-09
849,949.0,3.574890763810045e-08,0.0,2.593077980059437e-08,9.818127837506093e-09
850,950.0,3.558960488707669e-08,0.0,2.5808992699600252e-08,9.780612187476435e-09
851,951.0,3.5431014232372067e-08,0.0,2.5687777586725597e-08,9.743236645646472e-09
852,952.0,3.527313248712649e-08,0.0,2.5567131775557364e-08,9.706000711569138e-09
853,953.0,3.5115956478751394e-08,0.0,2.544705259230025e-08,9.668903886451135e-09
854,954.0,3.495948304886421e-08,0.0,2.5327537375716325e-08,9.631945673147888e-09
855,955.0,3.480370905322575e-08,0.0,2.5208583477066678e-08,9.595125576159061e-09
856,956.0,3.464863136167652e-08,0.0,2.5090188260052587e-08,9.558443101623927e-09
857,957.0,3.449760510154388e-08,0.0,2.497479580225853e-08,9.522809299285351e-09
858,958.0,3.4352559464430824e-08,0.0,2.486380932083886e-08,9.488750143591946e-09
859,959.0,3.420812559437802e-08,0.0,2.4753316056627185e-08,9.454809537750837e-09
860,960.0,3.406430090802631e-08,0.0,2.4643313817796197e-08,9.420987090230126e-09
861,961.0,3.3921082832931823e-08,0.0,2.4533800422258834e-08,9.387282410673e-09
862,962.0,3.377846880751999e-08,0.0,2.4424773697625063e-08,9.35369510989493e-09
863,963.0,3.363645628103952e-08,0.0,2.4316231481158748e-08,9.320224799880772e-09
864,964.0,3.349504271351695e-08,0.0,2.420817161973489e-08,9.286871093782056e-09
865,965.0,3.335422557571104e-08,0.0,2.4100591969796993e-08,9.253633605914056e-09
866,966.0,3.321400234906703e-08,0.0,2.399349039731414e-08,9.220511951752896e-09
867,967.0,3.307437052567203e-08,0.0,2.3886864777739167e-08,9.187505747932867e-09
868,968.0,3.293532760820955e-08,0.0,2.378071299596614e-08,9.154614612243419e-09
869,969.0,3.279687110991484e-08,0.0,2.3675032946288436e-08,9.1218381636264e-09
870,970.0,3.265899855453044e-08,0.0,2.3569822532357175e-08,9.08917602217328e-09
871,971.0,3.2521707476262043e-08,0.0,2.3465079667139697e-08,9.056627809122332e-09
872,972.0,3.2384995419733165e-08,0.0,2.3360802272877543e-08,9.024193146855607e-09
873,973.0,3.2248859939942527e-08,0.0,2.3256988281046118e-08,8.991871658896417e-09
874,974.0,3.211329860221921e-08,0.0,2.3153635632312934e-08,8.959662969906268e-09
875,975.0,3.1978308982179525e-08,0.0,2.305074227649731e-08,8.927566705682221e-09
876,976.0,3.184388866568317e-08,0.0,2.2948306172529203e-08,8.895582493153977e-09
877,977.0,3.171003524879049e-08,0.0,2.2846325288409335e-08,8.863709960381162e-09
878,978.0,3.157674633771816e-08,0.0,2.2744797601167888e-08,8.831948736550274e-09
879,979.0,3.14440195487978e-08,0.0,2.264372109682554e-08,8.800298451972254e-09
880,980.0,3.1311852508432276e-08,0.0,2.254309377035282e-08,8.768758738079466e-09
881,981.0,3.118024285305317e-08,0.0,2.244291362563032e-08,8.737329227422849e-09
882,982.0,3.1049188229078727e-08,0.0,2.234317867540943e-08,8.706009553669286e-09
883,983.0,3.091868629287157e-08,0.0,2.2243886941272795e-08,8.67479935159877e-09
884,984.0,3.0788734710696516e-08,0.0,2.2145036453594967e-08,8.643698257101541e-09
885,985.0,3.065933115867863e-08,0.0,2.2046625251503288e-08,8.612705907175345e-09
886,986.0,3.0530473322761817e-08,0.0,2.194865138283914e-08,8.58182193992268e-09
887,987.0,3.040215889866742e-08,0.0,2.185111290411937e-08,8.551045994548059e-09
888,988.0,3.027420417436177e-08,0.0,2.1753746448745935e-08,8.520457725615826e-09
889,989.0,3.014661488331881e-08,0.0,2.1656561829341025e-08,8.49005305397778e-09
890,990.0,3.001956514632358e-08,0.0,2.155981138113831e-08,8.459753765185272e-09
891,991.0,2.9893052678798875e-08,0.0,2.146349316448288e-08,8.42955951431599e-09
892,992.0,2.976707520584672e-08,0.0,2.1367605248385036e-08,8.399469957461673e-09
893,993.0,2.9641630462207727e-08,0.0,2.1272145710481886e-08,8.369484751725841e-09
894,994.0,2.9516716192220033e-08,0.0,2.1177112636998572e-08,8.339603555221461e-09
895,995.0,2.9392330149750643e-08,0.0,2.1082504122710254e-08,8.309826027040396e-09
896,996.0,2.9268470098171286e-08,0.0,2.0988318270903197e-08,8.280151827268092e-09
897,997.0,2.9145133810438474e-08,0.0,2.089455319333773e-08,8.250580617100744e-09
898,998.0,2.9022319068875448e-08,0.0,2.080120701020945e-08,8.221112058666002e-09
899,999.0,2.8900023665201805e-08,0.0,2.0708277850112225e-08,8.191745815089582e-09
900,1000.0,2.8778245400493053e-08,0.0,2.0615763850000327e-08,8.162481550492738e-09
901,1001.0,2.865829804271659e-08,0.0,2.0524608326530858e-08,8.133689716185733e-09
902,1002.0,2.8538852396866747e-08,0.0,2.0433855860135683e-08,8.104996536731064e-09
903,1003.0,2.8419906361627325e-08,0.0,2.0343504668640487e-08,8.076401692986827e-09
904,1004.0,2.8301457844489655e-08,0.0,2.0253552977751737e-08,8.047904866737916e-09
905,1005.0,2.8183504761714134e-08,0.0,2.0163999021020662e-08,8.01950574069348e-09
906,1006.0,2.8066045038294332e-08,0.0,2.007484103980925e-08,7.991203998485082e-09
907,1007.0,2.7949076607920343e-08,0.0,1.9986077283255668e-08,7.962999324664671e-09
908,1008.0,2.7832597412941872e-08,0.0,1.989770600823956e-08,7.934891404702308e-09
909,1009.0,2.771660540433266e-08,0.0,1.9809725479348318e-08,7.906879924984344e-09
910,1010.0,2.760109854165346e-08,0.0,1.9722133968842395e-08,7.878964572811059e-09
911,1011.0,2.748670393671497e-08,0.0,1.9635381872792684e-08,7.851322063922283e-09
912,1012.0,2.7372785166334868e-08,0.0,1.9549011374707006e-08,7.823773791627855e-09
913,1013.0,2.7259340248529894e-08,0.0,1.946302079604368e-08,7.796319452486211e-09
914,1014.0,2.7146367209578002e-08,0.0,1.9377408465644537e-08,7.768958743933467e-09
915,1015.0,2.703386408398378e-08,0.0,1.9292172719702376e-08,7.741691364281403e-09
916,1016.0,2.6921828914443772e-08,0.0,1.9207311901728404e-08,7.714517012715366e-09
917,1017.0,2.6810259751813076e-08,0.0,1.912282436252049e-08,7.687435389292583e-09
918,1018.0,2.6699154655070836e-08,0.0,1.9038708460130858e-08,7.660446194939981e-09
919,1019.0,2.658851169128617e-08,0.0,1.895496255983396e-08,7.633549131452212e-09
920,1020.0,2.647832893558507e-08,0.0,1.8871585034095212e-08,7.606743901489857e-09
921,1021.0,2.6368604471116356e-08,0.0,1.8788574262539014e-08,7.580030208577346e-09
922,1022.0,2.6259336389018233e-08,0.0,1.8705928631917256e-08,7.55340775710098e-09
923,1023.0,2.615052278838529e-08,0.0,1.862364653607822e-08,7.526876252307061e-09
924,1024.0,2.6042161776234758e-08,0.0,1.8541726375934957e-08,7.500435400299798e-09
925,1025.0,2.5934251467474135e-08,0.0,1.846016655943464e-08,7.474084908039506e-09
926,1026.0,2.5826789984867935e-08,0.0,1.8378965501527385e-08,7.447824483340548e-09
927,1027.0,2.5719775459004983e-08,0.0,1.829812162413556e-08,7.421653834869432e-09
928,1028.0,2.5613206028265597e-08,0.0,1.8217633356122833e-08,7.395572672142755e-09
929,1029.0,2.550707983878945e-08,0.0,1.8137499133264063e-08,7.369580705525389e-09
930,1030.0,2.5401395044443138e-08,0.0,1.8057717398214684e-08,7.343677646228454e-09
931,1031.0,2.5296149806787694e-08,0.0,1.797828660048035e-08,7.317863206307342e-09
932,1032.0,2.5191342295046785e-08,0.0,1.7899205196386954e-08,7.292137098659829e-09
933,1033.0,2.5086970686074587e-08,0.0,1.7820471649050518e-08,7.266499037024066e-09
934,1034.0,2.498303316432418e-08,0.0,1.7742084428347488e-08,7.240948735976696e-09
935,1035.0,2.487952792181567e-08,0.0,1.7664042010884825e-08,7.2154859109308475e-09
936,1036.0,2.4777197958984336e-08,0.0,1.758687560342052e-08,7.190322355563823e-09
937,1037.0,2.4681655361080032e-08,0.0,1.7514597719662643e-08,7.167057641417399e-09
938,1038.0,2.4586482583354814e-08,0.0,1.7442616880849003e-08,7.14386570250581e-09
939,1039.0,2.449167819226231e-08,0.0,1.737093186619518e-08,7.120746326067128e-09
940,1040.0,2.4397240759817443e-08,0.0,1.7299541459934194e-08,7.097699299883251e-09
941,1041.0,2.4303168863574333e-08,0.0,1.72284444512955e-08,7.074724412278825e-09
942,1042.0,2.420946108660459e-08,0.0,1.7157639634484403e-08,7.051821452120195e-09
943,1043.0,2.411611601747666e-08,0.0,1.7087125808662004e-08,7.028990208814655e-09
944,1044.0,2.4023132250233757e-08,0.0,1.701690177792444e-08,7.0062304723093215e-09
945,1045.0,2.393050838437267e-08,0.0,1.694696635128255e-08,6.983542033090117e-09
946,1046.0,2.383824302482318e-08,0.0,1.687731834264214e-08,6.960924682181033e-09
947,1047.0,2.3746334781926296e-08,0.0,1.680795657078337e-08,6.938378211142931e-09
948,1048.0,2.365478227141388e-08,0.0,1.6738879859341123e-08,6.915902412072763e-09
949,1049.0,2.3563584114386927e-08,0.0,1.6670087036784544e-08,6.893497077602383e-09
950,1050.0,2.3472738937295915e-08,0.0,1.6601576936397996e-08,6.871162000897917e-09
951,1051.0,2.338224537191859e-08,0.0,1.653334839626023e-08,6.848896975658367e-09
952,1052.0,2.329210205534067e-08,0.0,1.6465400259225623e-08,6.826701796115046e-09
953,1053.0,2.3202307629934264e-08,0.0,1.6397731372903935e-08,6.804576257030332e-09
954,1054.0,2.3112860743337766e-08,0.0,1.6330340589640986e-08,6.782520153696776e-09
955,1055.0,2.302376004843548e-08,0.0,1.626322676649926e-08,6.760533281936222e-09
956,1056.0,2.29350042033371e-08,0.0,1.61963887652384e-08,6.7386154380987e-09
957,1057.0,2.284659187135757e-08,0.0,1.6129825452296023e-08,6.716766419061555e-09
958,1058.0,2.2758521720996537e-08,0.0,1.6063535698768192e-08,6.694986022228346e-09
959,1059.0,2.267079242591884e-08,0.0,1.5997518380390778e-08,6.67327404552807e-09
960,1060.0,2.258340266493393e-08,0.0,1.593177237751995e-08,6.65163028741399e-09
961,1061.0,2.2496351121976183e-08,0.0,1.586629657511339e-08,6.630054546862789e-09
962,1062.0,2.240963648608485e-08,0.0,1.5801089862711334e-08,6.608546623373518e-09
963,1063.0,2.2323257451384437e-08,0.0,1.573615113441777e-08,6.587106316966668e-09
964,1064.0,2.2237212717064755e-08,0.0,1.56714792888816e-08,6.565733428183149e-09
965,1065.0,2.2151500987361427e-08,0.0,1.560707322927805e-08,6.54442775808337e-09
966,1066.0,2.2066120971536192e-08,0.0,1.5542931863289994e-08,6.5231891082461915e-09
967,1067.0,2.1981071383857567e-08,0.0,1.547905410308954e-08,6.502017280768017e-09
968,1068.0,2.1896350943581252e-08,0.0,1.5415438865319485e-08,6.480912078261773e-09
969,1069.0,2.1811958374930988e-08,0.0,1.535208507107502e-08,6.459873303855968e-09
970,1070.0,2.172789240707873e-08,0.0,1.5288991645885167e-08,6.438900761193573e-09
971,1071.0,2.164415177412632e-08,0.0,1.5226157519695034e-08,6.417994254431286e-09
972,1072.0,2.1560735215085612e-08,0.0,1.5163581626847267e-08,6.397153588238344e-09
973,1073.0,2.1477641473859768e-08,0.0,1.510126290606413e-08,6.376378567795633e-09
974,1074.0,2.139481362873224e-08,0.0,1.50391217468661e-08,6.355691881866143e-09
975,1075.0,2.131224659457019e-08,0.0,1.4977183386111043e-08,6.33506320845915e-09
976,1076.0,2.1229708796804243e-08,0.0,1.491550011741502e-08,6.314208679389223e-09
977,1077.0,2.114749195361762e-08,0.0,1.48540708901859e-08,6.293421063431718e-09
978,1078.0,2.106559481505788e-08,0.0,1.4792894658158333e-08,6.272700156899549e-09
979,1079.0,2.0984016136044046e-08,0.0,1.4731970379375927e-08,6.252045756668115e-09
980,1080.0,2.0902754676347784e-08,0.0,1.4671297016173632e-08,6.2314576601741586e-09
981,1081.0,2.0821809200574548e-08,0.0,1.461087353516007e-08,6.210935665414479e-09
982,1082.0,2.07411784781444e-08,0.0,1.4550698907199768e-08,6.190479570944636e-09
983,1083.0,2.066086128327343e-08,0.0,1.4490772107395712e-08,6.170089175877722e-09
984,1084.0,2.0580856394955262e-08,0.0,1.443109211507204e-08,6.149764279883223e-09
985,1085.0,2.0501162596942127e-08,0.0,1.4371657913756483e-08,6.129504683185644e-09
986,1086.0,2.0421778677726256e-08,0.0,1.4312468491162971e-08,6.1093101865632855e-09
987,1087.0,2.0342703430521694e-08,0.0,1.4253522839174624e-08,6.089180591347068e-09
988,1088.0,2.026393565324569e-08,0.0,1.4194819953826432e-08,6.0691156994192564e-09
989,1089.0,2.0185474148500497e-08,0.0,1.4136358835288283e-08,6.049115313212215e-09
990,1090.0,2.0107317723554987e-08,0.0,1.4078138487847774e-08,6.029179235707214e-09
991,1091.0,2.002946519032636e-08,0.0,1.402015791989328e-08,6.0093072704330855e-09
992,1092.0,1.99519153653623e-08,0.0,1.3962416143897176e-08,5.989499221465124e-09
993,1093.0,1.9874667069822773e-08,0.0,1.3904912176398993e-08,5.969754893423775e-09
994,1094.0,1.9797719129461938e-08,0.0,1.3847645037988523e-08,5.950074091473408e-09
995,1095.0,1.9721070374610556e-08,0.0,1.3790613753289415e-08,5.930456621321141e-09
996,1096.0,1.9644719640157552e-08,0.0,1.3733817350942094e-08,5.9109022892154535e-09
997,1097.0,1.9568665765532986e-08,0.0,1.3677254863587796e-08,5.891410901945181e-09
998,1098.0,1.9492907594689773e-08,0.0,1.3620925327851662e-08,5.8719822668381114e-09
999,1099.0,1.941744397608633e-08,0.0,1.3564827784326496e-08,5.852616191759835e-09
1000,1100.0,1.9342273762669147e-08,0.0,1.3508961277556568e-08,5.8333124851125816e-09
1001,1101.0,1.926739581185454e-08,0.0,1.3453324856020804e-08,5.814070955833737e-09
1002,1102.0,1.9192808985512286e-08,0.0,1.3397917572117322e-08,5.794891413394968e-09
1003,1103.0,1.9118512149947606e-08,0.0,1.3342738482146797e-08,5.775773667800806e-09
1004,1104.0,1.9044504175883794e-08,0.0,1.3287786646296421e-08,5.756717529587369e-09
1005,1105.0,1.8970783938445377e-08,0.0,1.3233061128624079e-08,5.737722809821297e-09
1006,1106.0,1.889735031714074e-08,0.0,1.3178560997042281e-08,5.718789320098458e-09
1007,1107.0,1.8824202195845156e-08,0.0,1.3124285323302415e-08,5.6999168725427385e-09
1008,1108.0,1.875133846278349e-08,0.0,1.3070233182978701e-08,5.6811052798047925e-09
1009,1109.0,1.8678758010513582e-08,0.0,1.3016403655452678e-08,5.662354355060903e-09
1010,1110.0,1.860645973590965e-08,0.0,1.2962795823897798e-08,5.643663912011854e-09
1011,1111.0,1.8544689651051303e-08,0.0,1.2916544749752175e-08,5.628144901299125e-09
1012,1112.0,1.848312588298685e-08,0.0,1.2870458698792458e-08,5.612667184194395e-09
1013,1113.0,1.8421767741534206e-08,0.0,1.2824537082217801e-08,5.597230659316408e-09
1014,1114.0,1.836061453882254e-08,0.0,1.2778779313328653e-08,5.581835225493891e-09
1015,1115.0,1.829966558928377e-08,0.0,1.2733184807518673e-08,5.566480781765099e-09
1016,1116.0,1.8239467600051043e-08,0.0,1.2688137263693465e-08,5.551330336357579e-09
1017,1117.0,1.817957681332958e-08,0.0,1.2643324857917538e-08,5.53625195541205e-09
1018,1118.0,1.8119883901299415e-08,0.0,1.2598670722159452e-08,5.521213179139966e-09
1019,1119.0,1.8060388209174183e-08,0.0,1.2554174297435638e-08,5.506213911738545e-09
1020,1120.0,1.800108908433605e-08,0.0,1.250983502673682e-08,5.491254057599236e-09
1021,1121.0,1.7941985876328327e-08,0.0,1.2465652355020867e-08,5.476333521307463e-09
1022,1122.0,1.788307793684859e-08,0.0,1.2421625729206092e-08,5.461452207642492e-09
1023,1123.0,1.7824364619741296e-08,0.0,1.2377754598164132e-08,5.446610021577166e-09
1024,1124.0,1.7765845280990708e-08,0.0,1.2334038412713048e-08,5.431806868277658e-09
1025,1125.0,1.7707519278714035e-08,0.0,1.2290476625610677e-08,5.417042653103358e-09
1026,1126.0,1.7649385973154074e-08,0.0,1.2247068691547519e-08,5.402317281606556e-09
1027,1127.0,1.75914447266723e-08,0.0,1.2203814067140015e-08,5.3876306595322835e-09
1028,1128.0,1.753369490374196e-08,0.0,1.2160712210923853e-08,5.3729826928181125e-09
1029,1129.0,1.747613587094078e-08,0.0,1.211776258334693e-08,5.358373287593848e-09
1030,1130.0,1.7418766996944217e-08,0.0,1.2074964646762834e-08,5.343802350181388e-09
1031,1131.0,1.7361587652518585e-08,0.0,1.2032317865424062e-08,5.3292697870945226e-09
1032,1132.0,1.730459721051389e-08,0.0,1.1989821705475257e-08,5.314775505038642e-09
1033,1133.0,1.724779504585702e-08,0.0,1.1947475634946487e-08,5.3003194109105325e-09
1034,1134.0,1.7191180535544928e-08,0.0,1.1905279123746727e-08,5.2859014117982005e-09
1035,1135.0,1.713475305863767e-08,0.0,1.1863231643657075e-08,5.271521414980596e-09
1036,1136.0,1.7078511996251823e-08,0.0,1.1821332668324355e-08,5.2571793279274725e-09
1037,1137.0,1.7022456731553274e-08,0.0,1.1779581673254233e-08,5.242875058299048e-09
1038,1138.0,1.696658664975068e-08,0.0,1.1737978135804836e-08,5.228608513945848e-09
1039,1139.0,1.691090113808878e-08,0.0,1.1696521535180271e-08,5.214379602908512e-09
1040,1140.0,1.6855399585841314e-08,0.0,1.1655211352423852e-08,5.200188233417465e-09
1041,1141.0,1.680008138430464e-08,0.0,1.1614047070411856e-08,5.186034313892784e-09
1042,1142.0,1.6744945926790944e-08,0.0,1.1573028173846985e-08,5.17191775294396e-09
1043,1143.0,1.6689992608621482e-08,0.0,1.153215414925185e-08,5.157838459369636e-09
1044,1144.0,1.6635220827119888e-08,0.0,1.1491424484962523e-08,5.143796342157363e-09
1045,1145.0,1.658062998160568e-08,0.0,1.1450838671122247e-08,5.129791310483431e-09
1046,1146.0,1.6526219473387658e-08,0.0,1.141039619967503e-08,5.11582327371263e-09
1047,1147.0,1.6471988705757182e-08,0.0,1.1370096564359207e-08,5.1018921413979754e-09
1048,1148.0,1.6417937083981515e-08,0.0,1.1329939260701058e-08,5.087997823280454e-09
1049,1149.0,1.6364064015297766e-08,0.0,1.1289923786008807e-08,5.074140229288956e-09
1050,1150.0,1.6310368908905683e-08,0.0,1.1250049639365874e-08,5.060319269539813e-09
1051,1151.0,1.625685117596163e-08,0.0,1.1210316321624919e-08,5.046534854336716e-09
1052,1152.0,1.620351022957202e-08,0.0,1.1170723335401541e-08,5.032786894170477e-09
1053,1153.0,1.6150345484786754e-08,0.0,1.1131270185068016e-08,5.0190752997187406e-09
1054,1154.0,1.6097356358592844e-08,0.0,1.109195637674707e-08,5.005399981845776e-09
1055,1155.0,1.6044542269907805e-08,0.0,1.1052781418305622e-08,4.991760851602185e-09
1056,1156.0,1.5991771637931163e-08,0.0,1.1013744819348974e-08,4.97802681858219e-09
1057,1157.0,1.5939149212361803e-08,0.0,1.0974846091214172e-08,4.964303121147634e-09
1058,1158.0,1.588670111190118e-08,0.0,1.093608474696424e-08,4.950616364936942e-09
1059,1159.0,1.5834426758106374e-08,0.0,1.0897460301382026e-08,4.936966456724354e-09
1060,1160.0,1.5782338459532573e-08,0.0,1.0858990088661867e-08,4.923348370870699e-09
1061,1161.0,1.5730428347612326e-08,0.0,1.0820663531010197e-08,4.909764816602126e-09
1062,1162.0,1.567869013623715e-08,0.0,1.0782472246068926e-08,4.8962178901682235e-09
1063,1163.0,1.562712325521762e-08,0.0,1.0744415756396078e-08,4.882707498821542e-09
1064,1164.0,1.5575727136257276e-08,0.0,1.0706493586234858e-08,4.869233550022417e-09
1065,1165.0,1.5524501212946285e-08,0.0,1.066870526150764e-08,4.855795951438646e-09
1066,1166.0,1.5473444920755057e-08,0.0,1.0631050309809966e-08,4.842394610945091e-09
1067,1167.0,1.5422557697028276e-08,0.0,1.059352826040485e-08,4.82902943662343e-09
1068,1168.0,1.5371838980978256e-08,0.0,1.0556138644216564e-08,4.81570033676169e-09
1069,1169.0,1.5321288213679315e-08,0.0,1.051888099382523e-08,4.8024072198540855e-09
1070,1170.0,1.5270904838060957e-08,0.0,1.0481754843460468e-08,4.789149994600489e-09
1071,1171.0,1.5220688298902248e-08,0.0,1.0444759728996007e-08,4.775928569906243e-09
1072,1172.0,1.517063804282532e-08,0.0,1.0407895187943597e-08,4.7627428548817215e-09
1073,1173.0,1.512075351828937e-08,0.0,1.0371160759447345e-08,4.7495927588420235e-09
1074,1174.0,1.5071034175584637e-08,0.0,1.0334555984277972e-08,4.73647819130666e-09
1075,1175.0,1.5021479466826228e-08,0.0,1.0298080404827049e-08,4.723399061999181e-09
1076,1176.0,1.4972088845948065e-08,0.0,1.0261733565101226e-08,4.710355280846844e-09
1077,1177.0,1.492286176869677e-08,0.0,1.0225515010716523e-08,4.697346757980249e-09
1078,1178.0,1.4873797692625881e-08,0.0,1.0189424288892821e-08,4.684373403733065e-09
1079,1179.0,1.4824896077089624e-08,0.0,1.0153460948447996e-08,4.671435128641623e-09
1080,1180.0,1.4776156383236953e-08,0.0,1.0117624539792353e-08,4.658531843444598e-09
1081,1181.0,1.4727578074005802e-08,0.0,1.00819146149231e-08,4.645663459082702e-09
1082,1182.0,1.4679160614116757e-08,0.0,1.0046330727418503e-08,4.6328298866982546e-09
1083,1183.0,1.4630903470067645e-08,0.0,1.0010872432432662e-08,4.620031037634982e-09
1084,1184.0,1.4582806110127133e-08,0.0,9.975539286689603e-09,4.607266823437527e-09
1085,1185.0,1.4534868004329116e-08,0.0,9.940330848477915e-09,4.594537155851201e-09
1086,1186.0,1.4487088624466865e-08,0.0,9.90524667764523e-09,4.581841946821635e-09
1087,1187.0,1.4439467444087093e-08,0.0,9.870286335592687e-09,4.569181108494403e-09
1088,1188.0,1.4392003938484142e-08,0.0,9.835449385269421e-09,4.556554553214721e-09
1089,1189.0,1.4344697584694182e-08,0.0,9.800735391167115e-09,4.543962193527065e-09
1090,1190.0,1.4297547861489524e-08,0.0,9.766143919314638e-09,4.531403942174889e-09
1091,1191.0,1.4250554249372708e-08,0.0,9.7316745372725e-09,4.518879712100214e-09
1092,1192.0,1.420371623057074e-08,0.0,9.697326814127425e-09,4.506389416443314e-09
1093,1193.0,1.4157033289029694e-08,0.0,9.663100320487231e-09,4.493932968542461e-09
1094,1194.0,1.4110504910408464e-08,0.0,9.628994628475052e-09,4.481510281933412e-09
1095,1195.0,1.4065847223844352e-08,0.0,9.596193276744235e-09,4.469653947100118e-09
1096,1196.0,1.4022640153791387e-08,0.0,9.564405752591886e-09,4.4582344011994975e-09
1097,1197.0,1.3979566792947009e-08,0.0,9.532723525056894e-09,4.446843267890115e-09
1098,1198.0,1.3936626726810472e-08,0.0,9.501146245342806e-09,4.435480481467666e-09
1099,1199.0,1.3893819542166939e-08,0.0,9.469673565808417e-09,4.424145976358522e-09
1100,1200.0,1.3851144827083886e-08,0.0,9.438305139964232e-09,4.412839687119652e-09
